name,latitude,longitude,country,startYear,endYear,trend,uncertainty,pValue,yearsForUncertainty/yearsFor1.0,yearsForUncertainty/yearsFor0.5,yearsForUncertainty/yearsFor0.1,_id
BREST,48.382850,-4.494838,FRANCE,1807,2015,0.97,0.11,0.0000,37,64,227,1
SWINOUJSCIE,53.916667,14.233333,POLAND,1811,1999,0.80,0.08,0.0000,32,53,161,2
SHEERNESS,51.445639,0.743444,UNITED KINGDOM,1968,2006,1.73,1.17,0.1392,45,80,266,3
CUXHAVEN 2,53.866667,8.716667,GERMANY,1843,2010,2.12,0.08,0.0000,32,51,149,7
WISMAR 2,53.898889,11.458056,GERMANY,1849,2015,1.42,0.06,0.0000,26,41,120,8
MAASSLUIS,51.917500,4.249722,NETHERLANDS,1848,2015,1.67,0.09,0.0000,32,51,152,9
SAN FRANCISCO,37.806667,-122.465000,UNITED STATES,1855,2015,1.45,0.16,0.0000,38,65,229,10
WARNEMUNDE 2,54.169722,12.103333,GERMANY,1856,2015,1.25,0.07,0.0000,26,42,122,11
NEW YORK (THE BATTERY),40.700000,-74.013333,UNITED STATES,1856,2015,2.82,0.09,0.0000,29,47,140,12
TRAVEMUNDE,53.958056,10.872222,GERMANY,1856,2015,1.63,0.06,0.0000,23,37,108,13
HELSINKI,60.153633,24.956217,FINLAND,1879,2014,-2.31,0.16,0.0000,41,64,189,14
LYOKKI,60.850000,21.183333,FINLAND,1858,1936,-5.39,0.30,0.0000,35,56,164,16
LYPYRTTI,60.600000,21.233333,FINLAND,1858,1936,-5.03,0.29,0.0000,34,54,158,17
JUNGFRUSUND,59.950000,22.366667,FINLAND,1858,1934,-3.06,0.31,0.0000,35,56,163,18
VLISSINGEN,51.442222,3.596111,NETHERLANDS,1862,2015,1.27,0.35,0.0003,61,114,NaN,20
ABERDEEN II,57.150000,-2.083333,UNITED KINGDOM,1862,1965,0.45,0.22,0.0408,32,56,186,21
HOEK VAN HOLLAND,51.977500,4.120000,NETHERLANDS,1864,2015,2.40,0.08,0.0000,27,44,131,22
DEN HELDER,52.964444,4.745000,NETHERLANDS,1865,2015,1.48,0.08,0.0000,28,45,131,23
DELFZIJL,53.326389,6.933056,NETHERLANDS,1865,2015,1.71,0.11,0.0000,33,54,164,24
HARLINGEN,53.175556,5.409444,NETHERLANDS,1865,2015,1.41,0.08,0.0000,29,46,134,25
LIEPAJA,56.533333,20.983333,LATVIA,1865,1936,0.88,0.36,0.0145,36,57,167,26
UTO,59.783333,21.366667,FINLAND,1866,1936,-2.73,0.34,0.0000,34,55,160,27
RUSSARO,59.766667,22.950000,FINLAND,1866,1936,-2.89,0.35,0.0000,35,56,164,28
SODERSKAR,60.116667,25.416667,FINLAND,1866,1936,-1.83,0.37,0.0000,37,58,171,29
RONNSKAR,63.066667,20.800000,FINLAND,1867,1936,-7.04,0.37,0.0000,35,56,165,30
NEDRE SODERTALJE,59.200000,17.616667,SWEDEN,1869,1970,-3.44,0.19,0.0000,34,54,159,31
IJMUIDEN,52.462222,4.554722,NETHERLANDS,1872,2015,1.52,0.30,0.0000,53,95,NaN,32
OSCARSBORG,59.678073,10.604861,NORWAY,1954,2015,-1.81,0.44,0.0000,34,55,166,33
TRONDHEIM,63.433333,10.433333,NORWAY,1949,1989,-1.11,1.16,0.3386,45,73,216,34
POTI,42.166667,41.683333,GEORGIA,1874,2015,6.75,0.23,0.0000,47,80,270,41
SEVASTOPOL,44.616667,33.533333,UKRAINE,1910,1994,1.26,0.39,0.0012,45,72,213,42
MUMBAI / BOMBAY (APOLLO BANDAR),18.916667,72.833333,INDIA,1878,2010,0.81,0.11,0.0000,25,43,140,43
ADEN,12.788333,44.974167,YEMEN,1916,1969,1.85,0.44,0.0000,27,48,175,44
KABELVAG,68.212639,14.482149,NORWAY,1948,2015,-0.89,0.48,0.0637,41,66,196,45
STAVANGER,58.974339,5.730121,NORWAY,1919,2015,0.37,0.16,0.0208,26,42,133,47
CASCAIS,38.683333,-9.416667,PORTUGAL,1882,1993,1.31,0.20,0.0000,32,55,181,52
VAASA / VASA,63.081533,21.571183,FINLAND,1884,2014,-7.30,0.17,0.0000,39,62,181,57
BERGEN,60.398046,5.320487,NORWAY,1916,2015,-0.04,0.22,0.8557,33,55,169,58
GENOVA,44.400000,8.900000,ITALY,1884,1996,1.18,0.07,0.0000,19,29,86,59
MARSEILLE,43.278801,5.353860,FRANCE,1885,2015,1.32,0.13,0.0000,30,50,154,61
OSLO,59.908559,10.734510,NORWAY,1886,2015,-2.91,0.33,0.0000,52,88,275,62
GDANSK/NOWY PORT,54.400000,18.683333,POLAND,1951,1999,2.91,0.62,0.0000,36,57,166,64
"SYDNEY, FORT DENISON",-33.850000,151.233333,AUSTRALIA,1886,1993,0.60,0.18,0.0009,28,49,166,65
LANDSORT,58.742222,17.865278,SWEDEN,1887,2005,-2.91,0.16,0.0000,36,72,166,68
OLANDS NORRA UDDE,57.366111,17.097222,SWEDEN,1887,2015,-1.09,0.14,0.0000,35,55,163,69
KUNGSHOLMSFORT,56.105278,15.589444,SWEDEN,1887,2015,0.03,0.12,0.8026,32,50,146,70
HANKO / HANGO,59.822867,22.976583,FINLAND,1889,2014,-2.68,0.18,0.0000,39,61,180,71
YSTAD,55.416667,13.816667,SWEDEN,1887,1981,0.61,0.16,0.0001,28,44,130,72
VARBERG,57.100000,12.216667,SWEDEN,1887,1981,-0.86,0.16,0.0000,27,44,128,73
AARHUS,56.147222,10.223889,DENMARK,1889,2012,0.61,0.09,0.0000,25,39,116,76
GRONSKAR,59.283333,19.033333,SWEDEN,1888,1932,-3.29,0.60,0.0000,34,51,148,77
STOCKHOLM,59.324167,18.081667,SWEDEN,1889,2015,-3.78,0.15,0.0000,36,58,169,78
OULU / ULEABORG,65.040317,25.418233,FINLAND,1889,2014,-6.37,0.20,0.0000,43,68,200,79
ESBJERG,55.460833,8.441111,DENMARK,1889,2012,1.24,0.14,0.0000,33,52,152,80
FREDERICIA,55.560833,9.754444,DENMARK,1890,2012,1.09,0.08,0.0000,22,35,104,81
KOBENHAVN,55.705000,12.600000,DENMARK,1889,2012,0.55,0.11,0.0000,28,45,134,82
VYBORG,60.700000,28.733333,RUSSIAN FEDERATION,1889,1938,-1.38,0.67,0.0394,38,61,178,83
LEMSTROM,60.100000,20.016667,ÅLAND ISLANDS,1889,1936,-4.50,0.56,0.0000,33,52,152,84
YKSPIHLAJA,63.833333,23.033333,FINLAND,1889,1924,-6.71,1.00,0.0000,36,57,167,86
VENEZIA (ARSENALE),45.416667,12.350000,ITALY,1889,1913,2.41,1.03,0.0193,25,40,116,87
RATAN,63.986111,20.895000,SWEDEN,1892,2015,-7.72,0.19,0.0000,41,64,189,88
HIRTSHALS,57.595556,9.963889,DENMARK,1892,2012,-0.22,0.12,0.0668,29,47,139,89
BJORN,60.633333,17.966667,SWEDEN,1892,1976,-6.12,0.27,0.0000,36,56,166,90
FREDERIKSHAVN,57.436389,10.548889,DENMARK,1894,2012,0.10,0.11,0.3633,27,43,126,91
TONOURA,34.900000,132.066667,JAPAN,1894,1983,0.33,0.27,0.2216,32,56,189,94
NORTH SHIELDS,55.007444,-1.439778,UNITED KINGDOM,1896,2015,1.89,0.12,0.0000,28,45,135,95
HALIFAX,44.666667,-63.583333,CANADA,1896,2012,3.05,0.16,0.0000,26,46,147,96
BACKEVIK,58.366667,11.250000,SWEDEN,1895,1928,-1.51,0.58,0.0092,23,37,111,97
SLIPSHAVN,55.288333,10.827778,DENMARK,1896,2012,1.04,0.10,0.0000,24,38,114,98
NEDRE GAVLE,60.683333,17.166667,SWEDEN,1896,1986,-6.03,0.25,0.0000,36,57,167,99
CAGLIARI,39.200000,9.166667,ITALY,1897,1934,1.91,0.28,0.0000,16,25,77,104
CIVITAVECCHIA,42.050000,11.816667,ITALY,1897,1921,0.81,0.69,0.2404,19,30,94,106
FREMANTLE,-32.065556,115.748139,AUSTRALIA,1897,2015,1.70,0.19,0.0000,38,61,179,111
FERNANDINA BEACH,30.671667,-81.465000,UNITED STATES,1898,2015,2.10,0.09,0.0000,23,37,109,112
KORSOR,55.332222,11.142222,DENMARK,1897,2012,0.84,0.10,0.0000,25,40,117,113
KLAIPEDA,55.700000,21.133333,LITHUANIA,1898,2011,1.48,0.25,0.0000,43,70,212,118
HORNBAEK,56.091111,12.458333,DENMARK,1891,2012,0.40,0.15,0.0077,34,52,162,119
GEDSER,54.572778,11.925556,DENMARK,1892,2012,1.19,0.10,0.0000,25,40,117,120
DRAGHALLAN,62.366667,17.533333,SWEDEN,1898,1967,-8.01,0.37,0.0000,36,58,169,122
TROIS-RIVIERES,46.333333,-72.550000,CANADA,1925,2015,-1.17,2.14,0.5846,166,290,NaN,126
SEATTLE,47.601667,-122.338333,UNITED STATES,1899,2015,2.02,0.12,0.0000,28,45,132,127
ABURATSUBO,35.160278,139.615278,JAPAN,1930,2015,3.64,0.20,0.0000,26,44,143,130
AYUKAWA,38.296667,141.505278,JAPAN,1959,2010,5.26,0.32,0.0000,22,38,115,131
WAJIMA,37.405833,136.900278,JAPAN,1930,2015,-0.10,0.29,0.7302,32,56,196,132
HOSOJIMA,32.428611,131.669444,JAPAN,1930,2015,-0.13,0.34,0.7022,37,64,208,133
KUSHIMOTO,33.475833,135.773333,JAPAN,1958,2015,3.77,0.61,0.0000,40,67,210,134
PHILADELPHIA (PIER 9N),39.933333,-75.141667,UNITED STATES,1901,2015,2.92,0.17,0.0000,34,56,165,135
DUNEDIN II,-45.878680,170.513360,NEW ZEALAND,1958,2015,1.76,0.53,0.0009,36,60,186,136
PORT-SAINT-FRANCOIS,46.266667,-72.616667,CANADA,1964,1994,4.66,7.78,0.5492,124,197,NaN,137
POINTE-AU-PERE,48.516667,-68.466667,CANADA,1900,1979,-0.64,0.50,0.2005,48,80,245,138
STROMSTAD,58.950000,11.183333,SWEDEN,1900,1967,-1.96,0.24,0.0000,26,42,123,140
SKURU,60.100000,23.550000,FINLAND,1900,1936,-0.83,0.89,0.3510,34,54,159,142
BATISCAN,46.500000,-72.250000,CANADA,1961,2015,-1.34,2.80,0.6322,118,198,NaN,144
BALTIMORE,39.266667,-76.578333,UNITED STATES,1903,2015,3.15,0.14,0.0000,28,46,139,148
AUCKLAND II,-36.843070,174.769460,NEW ZEALAND,1904,1998,1.26,0.17,0.0000,28,46,138,150
TRIESTE,45.647361,13.758472,ITALY,1875,2015,1.29,0.10,0.0000,29,46,136,154
HONOLULU,21.306667,-157.866667,UNITED STATES,1905,2015,1.41,0.12,0.0000,27,44,129,155
BUENOS AIRES,-34.600000,-58.366667,ARGENTINA,1905,1987,1.52,0.32,0.0000,38,61,181,157
SAN DIEGO (QUARANTINE STATION),32.713333,-117.173333,UNITED STATES,1906,2015,2.15,0.11,0.0000,25,40,118,158
OSHORO I,43.216667,140.866667,JAPAN,1930,1962,0.17,0.32,0.5952,15,24,72,159
"GALVESTON II, PIER 21, TX",29.310000,-94.793333,UNITED STATES,1909,2015,6.39,0.18,0.0000,34,54,160,161
BALBOA,8.966667,-79.566667,PANAMA,1908,2015,1.50,0.17,0.0000,34,51,153,163
TOFINO,49.150000,-125.916667,CANADA,1910,2015,-1.27,0.18,0.0000,31,49,144,165
VICTORIA,48.416667,-123.366667,CANADA,1910,2015,0.73,0.14,0.0000,29,46,135,166
PRINCE RUPERT,54.316667,-130.333333,CANADA,1909,2015,1.19,0.16,0.0000,29,47,138,167
VENEZIA (PUNTA DELLA SALUTE),45.433333,12.333333,ITALY,1909,2000,2.47,0.26,0.0000,35,58,176,168
MANTYLUOTO,61.594383,21.463433,FINLAND,1911,2014,-5.90,0.24,0.0000,40,64,187,172
QUEBEC (LAUZON),46.833333,-71.166667,CANADA,1911,2011,0.10,0.36,0.7812,43,70,207,173
KO LAK,11.800000,99.816667,THAILAND,1940,2015,1.32,0.75,0.0784,60,106,NaN,174
SMOGEN,58.353611,11.217778,SWEDEN,1911,2015,-1.79,0.16,0.0000,31,50,147,179
ATLANTIC CITY,39.355000,-74.418333,UNITED STATES,1912,2015,4.08,0.15,0.0000,29,48,138,180
PORTLAND  (MAINE),43.656667,-70.246667,UNITED STATES,1912,2015,1.84,0.19,0.0000,32,53,160,183
KEY WEST,24.555000,-81.806667,UNITED STATES,1913,2015,2.38,0.13,0.0000,22,37,125,188
PORT HEDLAND,-20.317583,118.574417,AUSTRALIA,1966,2015,2.28,0.94,0.0153,48,77,229,189
DUNBAR,56.000000,-2.516667,UNITED KINGDOM,1914,1950,0.44,0.44,0.3173,21,34,102,190
NEUVILLE,46.700000,-71.566667,CANADA,1961,2015,-0.05,1.18,0.9662,61,102,NaN,192
POINT ATKINSON,49.333333,-123.250000,CANADA,1915,2015,1.02,0.17,0.0000,28,45,133,193
PIETARSAARI  /  JAKOBSTAD,63.708567,22.689583,FINLAND,1915,2014,-7.23,0.28,0.0000,42,68,197,194
"SAINT JOHN, N.B.",45.266667,-66.066667,CANADA,1929,2015,2.26,0.23,0.0000,31,50,147,195
"SYDNEY, FORT DENISON 2",-33.854667,151.225778,AUSTRALIA,1915,2015,0.96,0.15,0.0000,26,44,135,196
DESCHAILLONS,46.566667,-72.100000,CANADA,1960,2015,-0.93,2.18,0.6697,99,166,NaN,201
NEWLYN,50.103000,-5.542833,UNITED KINGDOM,1916,2014,1.83,0.11,0.0000,23,36,107,202
FURUOGRUND,64.915833,21.230556,SWEDEN,1916,2015,-7.98,0.27,0.0000,42,67,196,203
KARACHI,24.811667,66.975000,PAKISTAN,1937,1986,-0.19,1.35,0.8881,63,109,NaN,204
CHENNAI / MADRAS,13.100000,80.300000,INDIA,1953,2012,0.48,0.29,0.0979,26,41,121,205
TUAPSE,44.100000,39.066667,RUSSIAN FEDERATION,1917,2014,2.49,0.27,0.0000,40,65,190,215
PORT PIRIE,-33.177644,138.011650,AUSTRALIA,1941,2015,1.15,0.51,0.0241,46,76,232,216
BELFAST 2,54.600000,-5.916667,UNITED KINGDOM,1918,1963,-0.24,0.40,0.5485,25,39,116,219
WELLINGTON HARBOUR,-41.284340,174.779800,NEW ZEALAND,1945,2015,2.65,0.23,0.0000,25,41,123,221
QUEQUEN,-38.583333,-58.700000,ARGENTINA,1918,1982,0.84,0.28,0.0027,27,44,131,223
LEWES (BREAKWATER HARBOR),38.781667,-75.120000,UNITED STATES,1919,2015,3.40,0.22,0.0000,30,49,144,224
KETCHIKAN,55.331667,-131.625000,UNITED STATES,1919,2015,-0.32,0.15,0.0329,27,44,129,225
KEMI,65.673367,24.515250,FINLAND,1920,2014,-6.92,0.30,0.0000,42,67,197,229
PORT LINCOLN,-34.715903,135.870011,AUSTRALIA,1966,2015,1.89,0.38,0.0000,26,41,122,230
CHARLESTON I,32.781667,-79.925000,UNITED STATES,1922,2015,3.25,0.20,0.0000,31,50,150,234
BOSTON,42.353333,-71.053333,UNITED STATES,1921,2015,2.78,0.24,0.0000,33,55,173,235
WEST-TERSCHELLING,53.363056,5.220000,NETHERLANDS,1921,2015,1.15,0.22,0.0000,33,54,163,236
TURKU / ABO,60.428283,22.100533,FINLAND,1922,2014,-3.66,0.29,0.0000,41,65,190,239
RAAHE / BRAHESTAD,64.666333,24.407050,FINLAND,1923,2014,-6.83,0.31,0.0000,42,67,196,240
LOS ANGELES,33.720000,-118.271667,UNITED STATES,1924,2015,0.98,0.15,0.0000,25,40,119,245
PENSACOLA,30.403333,-87.210000,UNITED STATES,1924,2015,2.31,0.18,0.0000,29,47,138,246
JOHOR BAHRU,1.461667,103.791667,MALAYSIA,1984,2011,3.06,0.74,0.0000,23,37,111,248
FOGLO / DEGERBY,60.031883,20.384817,ÅLAND ISLANDS,1924,2014,-3.76,0.28,0.0000,39,62,181,249
LA JOLLA (SCRIPPS PIER),32.866667,-117.256667,UNITED STATES,1925,2015,2.22,0.15,0.0000,25,40,117,256
LYTTELTON II,-43.605630,172.721940,NEW ZEALAND,1924,2000,2.28,0.25,0.0000,29,47,140,259
"JOLO, SULU",6.066667,121.000000,PHILIPPINES,1948,1994,-0.58,0.71,0.4140,37,60,177,260
ASTORIA (TONGUE POINT),46.206667,-123.768333,UNITED STATES,1925,2015,-0.21,0.24,0.3816,34,55,161,265
SEWARD,60.120000,-149.426667,UNITED STATES,1964,2015,-2.64,0.59,0.0000,35,58,192,266
MACAU,22.200000,113.550000,MACAO,1925,1982,0.38,0.80,0.6348,48,83,266,269
KASKINEN / KASKO,62.343950,21.214833,FINLAND,1927,2014,-6.45,0.32,0.0000,41,66,192,285
IMMINGHAM,53.630222,-0.187417,UNITED KINGDOM,1960,2013,0.54,0.45,0.2301,30,50,150,286
SEAVEY ISLAND,43.080000,-70.741667,UNITED STATES,1927,1985,1.75,0.32,0.0000,25,41,139,288
KALININGRAD,54.950000,20.216667,RUSSIAN FEDERATION,1926,1986,1.84,0.44,0.0000,35,55,162,289
"SEWELLS POINT, HAMPTON ROADS",36.946667,-76.330000,UNITED STATES,1928,2015,4.62,0.20,0.0000,30,48,142,299
"HILO,  HAWAII ISLAND",19.730000,-155.055000,UNITED STATES,1927,2015,2.97,0.25,0.0000,31,50,149,300
TREGDE,58.006377,7.554759,NORWAY,1928,2015,0.26,0.13,0.0455,23,36,107,302
YAMBA,-29.429712,153.361875,AUSTRALIA,1987,2015,1.50,1.24,0.2264,34,54,161,310
ANNAPOLIS (NAVAL ACADEMY),38.983333,-76.480000,UNITED STATES,1929,2015,3.57,0.19,0.0000,28,45,133,311
NARVIK,68.428286,17.425759,NORWAY,1932,2015,-2.49,0.31,0.0000,36,57,169,312
HEIMSJO,63.425224,9.101504,NORWAY,1928,2015,-1.36,0.22,0.0000,32,51,151,313
STORNOWAY,58.207806,-6.388972,UNITED KINGDOM,1977,2013,1.91,0.63,0.0024,26,42,124,314
HAMINA,60.562767,27.179200,FINLAND,1929,2014,-0.95,0.38,0.0124,45,71,208,315
MAYPORT,30.393333,-81.431667,UNITED STATES,1929,2000,2.47,0.29,0.0000,31,49,146,316
BOURGAS,42.483333,27.483333,BULGARIA,1929,1995,1.86,0.54,0.0006,43,70,217,317
VARNA,43.183333,27.916667,BULGARIA,1929,1996,1.22,0.43,0.0046,38,62,181,318
KLAGSHAMN,55.522222,12.893611,SWEDEN,1930,2015,0.53,0.20,0.0080,30,47,138,330
TAKORADI,4.884556,-1.745028,GHANA,1930,1965,3.48,0.65,0.0000,25,44,144,331
EASTPORT,44.903333,-66.981667,UNITED STATES,1930,2015,2.14,0.26,0.0000,32,54,168,332
NORTH POINT,22.300000,114.200000,HONG KONG,1950,1985,-1.76,2.25,0.4341,68,112,NaN,333
SOUTHEND,51.514450,0.723780,UNITED KINGDOM,1933,2015,1.25,0.16,0.0000,21,35,109,334
TILBURY,51.466667,0.366667,UNITED KINGDOM,1961,1983,1.54,1.10,0.1615,25,39,117,335
TOWER PIER,51.500000,0.083333,UNITED KINGDOM,1929,1982,1.84,0.58,0.0015,36,60,188,336
NEWPORT,41.505000,-71.326667,UNITED STATES,1931,2015,2.71,0.17,0.0000,25,41,124,351
SPLIT - GRADSKA LUKA,43.506700,16.441700,CROATIA,1955,2014,1.11,0.46,0.0158,35,57,174,352
BAKAR,45.300000,14.533333,CROATIA,1930,2013,1.19,0.27,0.0000,30,50,165,353
WASHINGTON DC,38.873333,-77.021667,UNITED STATES,1931,2015,3.15,0.23,0.0000,31,50,147,360
ABERDEEN I,57.144056,-2.077361,UNITED KINGDOM,1932,2014,0.97,0.21,0.0000,28,45,136,361
WILLETS POINT,40.793333,-73.781667,UNITED STATES,1932,1999,2.35,0.27,0.0000,28,45,133,362
MIAMI BEACH,25.768333,-80.131667,UNITED STATES,1932,1980,2.28,0.33,0.0000,22,36,118,363
SANDY HOOK,40.466667,-74.008333,UNITED STATES,1933,2015,4.05,0.20,0.0000,28,44,132,366
WOODS HOLE (OCEAN. INST.),41.523333,-70.671667,UNITED STATES,1933,2015,2.78,0.20,0.0000,28,45,134,367
ST. GEORGES / ESSO PIER (BERMUDA),32.373333,-64.703333,BERMUDA,1933,2013,2.01,0.33,0.0000,34,57,188,368
THESSALONIKI,40.632542,22.934933,GREECE,1969,2013,3.72,0.67,0.0000,34,55,165,373
RAUMA / RAUMO,61.133533,21.425817,FINLAND,1933,2014,-4.62,0.35,0.0000,41,65,190,376
SANTA MONICA (MUNICIPAL PIER),34.008333,-118.500000,UNITED STATES,1933,2015,1.53,0.19,0.0000,27,43,127,377
CRESCENT CITY,41.745000,-124.181667,UNITED STATES,1933,2015,-0.78,0.19,0.0000,27,44,128,378
CONSTANTZA,44.166667,28.666667,ROMANIA,1933,1996,1.34,0.60,0.0255,44,72,224,379
FRIDAY HARBOR (OCEAN. LABS.),48.546667,-123.010000,UNITED STATES,1934,2015,1.12,0.19,0.0000,26,42,124,384
NEAH BAY,48.366667,-124.611667,UNITED STATES,1935,2015,-1.73,0.21,0.0000,28,45,132,385
THEVENARD,-32.148944,133.641333,AUSTRALIA,1993,2015,4.36,1.49,0.0034,30,48,144,386
GRONDINES,46.583333,-72.033333,CANADA,1964,1993,3.51,4.89,0.4729,101,173,NaN,387
PORT AUX BASQUES,47.566667,-59.133333,CANADA,1959,2015,2.68,0.39,0.0000,29,47,146,392
"ST. JOHN'S, NFLD.",47.566667,-52.716667,CANADA,1957,2015,1.84,0.34,0.0000,28,45,134,393
CEBU,10.300000,123.916667,PHILIPPINES,1948,2015,0.98,0.45,0.0294,39,64,189,394
FORT PULASKI,32.033333,-80.901667,UNITED STATES,1935,2015,3.13,0.14,0.0000,22,35,102,395
WILMINGTON,34.226667,-77.953333,UNITED STATES,1936,2015,2.17,0.24,0.0000,29,48,148,396
SASSNITZ,54.510833,13.643056,GERMANY,1936,2015,0.85,0.25,0.0007,30,47,139,397
KJOLSDAL,61.916667,5.633333,NORWAY,1945,1987,-1.70,0.60,0.0046,30,48,142,398
PORTSMOUTH (NORFOLK NAVY YARD),36.821667,-76.293333,UNITED STATES,1936,1986,3.71,0.35,0.0000,25,40,118,399
NEVLUNGHAVN,58.966667,9.883333,NORWAY,1935,1965,-1.67,0.71,0.0187,24,39,114,401
JUNEAU,58.298333,-134.411667,UNITED STATES,1936,2015,-13.19,0.27,0.0000,31,50,154,405
UCHIURA,35.017222,138.890278,JAPAN,1944,2015,-0.28,0.40,0.4839,38,62,188,407
KHIOS,38.371514,26.141189,GREECE,1975,2012,3.66,0.86,0.0000,33,57,198,408
PREVEZA,38.959078,20.756628,GREECE,1969,2015,-0.20,1.02,0.8445,47,79,249,410
KALAMAI,37.023678,22.115839,GREECE,1973,2011,4.32,0.58,0.0000,26,43,128,411
SOLOMON'S ISLAND (BIOL. LAB.),38.316667,-76.451667,UNITED STATES,1938,2012,3.68,0.23,0.0000,27,44,130,412
OOSTENDE,51.233333,2.916667,BELGIUM,1937,2015,1.73,0.19,0.0000,25,40,119,413
VISHAKHAPATNAM,17.683333,83.283333,INDIA,1937,2011,1.00,0.22,0.0000,26,42,122,414
SAUGOR/SAGAR,21.650000,88.050000,INDIA,1937,1987,-2.06,1.85,0.2655,81,133,NaN,417
GUANTANAMO BAY,19.906667,-75.146667,CUBA,1938,1971,1.62,0.63,0.0101,23,40,143,418
ANDENES,69.326067,16.134848,NORWAY,1982,2015,-3.07,1.69,0.0693,49,80,244,425
SITKA,57.051667,-135.341667,UNITED STATES,1938,2015,-2.31,0.21,0.0000,27,44,129,426
CHARLOTTETOWN,46.233333,-63.116667,CANADA,1938,2015,3.08,0.19,0.0000,25,40,120,427
CEDAR KEY II,29.135000,-83.031667,UNITED STATES,1939,2015,1.89,0.24,0.0000,28,46,139,428
NEW LONDON,41.360000,-72.090000,UNITED STATES,1939,2015,2.53,0.27,0.0000,31,51,153,429
PROVIDENCE (STATE PIER),41.806667,-71.400000,UNITED STATES,1939,2015,2.17,0.26,0.0000,28,48,140,430
MONTEVIDEO (PUNTA LOBOS),-34.900000,-56.250000,URUGUAY,1938,2015,0.83,0.34,0.0146,36,57,186,431
DUBLIN,53.350000,-6.216667,IRELAND,1938,2009,2.14,0.87,0.0139,64,112,NaN,432
COLONIA,-34.483333,-57.850000,URUGUAY,1954,1992,1.27,1.72,0.4603,58,94,282,433
DOUGLAS,54.150000,-4.466667,ISLE OF MAN,1938,1977,-0.07,0.91,0.9387,35,57,174,435
ALAMEDA (NAVAL AIR STATION),37.771667,-122.298333,UNITED STATES,1940,2015,0.69,0.27,0.0106,31,50,147,437
COCHIN (WILLINGDON IS.),9.966667,76.266667,INDIA,1939,2007,1.62,0.34,0.0000,30,55,164,438
EUGENE ISLAND,29.371667,-91.385000,UNITED STATES,1940,1974,10.25,1.00,0.0000,34,55,163,440
YAKUTAT,59.548333,-139.733333,UNITED STATES,1940,2015,-8.16,0.79,0.0000,62,111,NaN,445
KO TAPHAO NOI,7.833333,98.433333,THAILAND,1940,2015,1.57,0.81,0.0526,64,109,NaN,446
CHURCHILL,58.766667,-94.183333,CANADA,1940,2014,-8.99,0.67,0.0000,55,94,298,447
PORT ADELAIDE (OUTER HARBOR),-34.779761,138.480728,AUSTRALIA,1941,2015,2.36,0.26,0.0000,29,47,140,448
KO SICHANG,13.150000,100.816667,THAILAND,1940,2002,1.07,0.34,0.0016,29,48,147,449
LE HAVRE,49.481900,0.106000,FRANCE,1959,2015,2.66,0.49,0.0000,33,54,161,453
ST. MALO,48.641102,-2.028180,FRANCE,1995,2015,1.47,1.19,0.2167,24,39,122,454
BUENAVENTURA,3.900000,-77.100000,COLOMBIA,1941,1969,0.94,0.59,0.1111,20,32,94,456
MATARANI,-17.000000,-72.116667,PERU,1942,1969,-0.84,0.69,0.2235,22,35,104,458
HACHINOHE I,40.533333,141.533333,JAPAN,1941,1969,2.28,0.53,0.0000,19,30,89,460
RICHMOND,37.566667,-77.450000,UNITED STATES,1942,1966,-0.04,2.68,0.9881,49,77,227,462
MIYAKO I,39.633333,141.966667,JAPAN,1941,1965,5.71,0.78,0.0000,21,34,100,463
PUNTARENAS,9.966667,-84.833333,COSTA RICA,1942,1966,5.91,1.99,0.0030,40,65,192,464
CHERBOURG,49.651299,-1.635630,FRANCE,1975,2014,1.47,0.42,0.0005,22,35,103,467
DUNKERQUE,51.048091,2.366698,FRANCE,1957,1986,1.96,0.88,0.0259,27,44,130,468
ST JEAN DE LUZ (SOCOA),43.395239,-1.681623,FRANCE,1966,2010,0.95,0.45,0.0348,24,39,114,469
ZEEBRUGGE,51.350000,3.200000,BELGIUM,1962,2015,2.77,0.37,0.0000,27,43,129,470
DIEPPE,49.929096,1.083812,FRANCE,1954,1994,5.20,0.71,0.0000,30,48,141,474
TALARA,-4.616667,-81.283333,PERU,1942,1969,0.97,0.70,0.1658,22,35,103,475
VIGO,42.238000,-8.731000,SPAIN,1944,2015,2.16,0.32,0.0000,33,54,159,483
LA CORUNA I,43.368600,-8.397750,SPAIN,1944,2015,2.40,0.28,0.0000,30,49,143,484
SANTANDER I,43.461300,-3.790800,SPAIN,1944,2015,2.26,0.36,0.0000,35,57,170,485
MALOY,61.933776,5.113310,NORWAY,1944,2015,0.71,0.26,0.0063,27,45,140,486
TARIFA,36.008600,-5.602600,SPAIN,1944,2015,1.06,0.38,0.0053,37,59,176,488
NIEUWPOORT,51.150000,2.733333,BELGIUM,1967,2015,2.62,0.46,0.0000,28,46,139,489
ALGECIRAS,36.116667,-5.433333,SPAIN,1944,2001,0.40,0.24,0.0956,21,33,100,490
SKAGWAY,59.450000,-135.326667,UNITED STATES,1945,2015,-17.62,0.36,0.0000,36,57,186,495
MALAGA,36.712700,-4.415460,SPAIN,1944,2012,0.71,0.66,0.2820,48,86,294,496
PORT ISABEL,26.060000,-97.215000,UNITED STATES,1945,2015,3.89,0.34,0.0000,33,58,164,497
CEUTA,35.892400,-5.315890,SPAIN,1945,2015,0.62,0.22,0.0048,25,40,120,498
PUERTO MADRYN,-42.766667,-65.033333,ARGENTINA,1958,1998,2.22,0.73,0.0024,32,53,161,501
ALEXANDRIA,31.216667,29.916667,EGYPT,1944,2006,1.80,0.24,0.0000,24,38,112,503
PORT SAN LUIS,35.176667,-120.760000,UNITED STATES,1946,2015,0.86,0.22,0.0001,25,40,119,508
ALESUND,62.469414,6.151946,NORWAY,1945,2015,0.73,0.34,0.0318,32,52,152,509
ANTOFAGASTA 2,-23.653056,-70.404444,CHILE,1946,2015,-0.79,0.27,0.0034,29,46,136,510
KWAJALEIN,8.731667,167.735000,MARSHALL ISLANDS,1947,2015,2.14,0.41,0.0000,38,61,180,513
KUSHIRO,42.975556,144.371389,JAPAN,1947,2015,8.88,0.33,0.0000,30,51,163,518
MONTAUK,41.048333,-71.960000,UNITED STATES,1948,2015,3.20,0.37,0.0000,33,55,165,519
ST. PETERSBURG,27.760000,-82.626667,UNITED STATES,1947,2015,2.68,0.17,0.0000,21,34,99,520
"KAHULUI HARBOR, MAUI ISLAND",20.895000,-156.476667,UNITED STATES,1951,2015,1.90,0.28,0.0000,27,44,131,521
"LEGASPI, ALBAY",13.150000,123.750000,PHILIPPINES,1949,2009,5.46,0.60,0.0000,41,70,236,522
MIDWAY ISLAND,28.211667,-177.360000,UNITED STATES MINOR OUTLYING ISLANDS,1947,2015,1.24,0.23,0.0000,26,41,121,523
VARDO,70.374978,31.104015,NORWAY,1984,2015,0.48,0.77,0.5330,27,43,129,524
"BAR HARBOR, FRENCHMAN BAY, ME",44.391667,-68.205000,UNITED STATES,1948,2015,2.15,0.20,0.0000,22,36,106,525
GRAND ISLE,29.263333,-89.956667,UNITED STATES,1947,2015,8.89,0.55,0.0000,44,74,232,526
PORT ALBERNI,49.233333,-124.816667,CANADA,1974,1995,0.57,1.73,0.7418,34,51,150,527
"CHUUK,  MOEN ISLAND",7.446667,151.846667,"MICRONESIA, FEDERATED STATES OF",1953,1994,0.12,1.05,0.9090,43,72,200,528
EVENSKJAER,68.583333,16.550000,NORWAY,1947,1968,-4.01,1.67,0.0163,31,49,145,531
"DAVAO, DAVAO GULF",7.083333,125.633333,PHILIPPINES,1949,2005,2.98,1.02,0.0035,55,96,NaN,537
ROCKPORT,28.021667,-97.046667,UNITED STATES,1948,2014,5.50,0.58,0.0000,43,72,219,538
PAGO PAGO,-14.280000,-170.690000,AMERICAN SAMOA,1949,2015,3.25,0.43,0.0000,37,60,178,539
"APRA HARBOUR,  GUAM",13.438333,144.653333,GUAM,1948,2015,1.64,0.66,0.0130,55,82,242,540
BARENTSBURG,78.066667,14.250000,SVALBARD AND JAN MAYEN,1949,2014,-2.83,0.46,0.0000,38,62,184,541
DIAMOND HARBOUR,22.200000,88.166667,INDIA,1948,2012,4.01,0.45,0.0000,37,60,184,543
LA LIBERTAD II,-2.200000,-80.916667,ECUADOR,1950,2002,-1.28,0.59,0.0300,37,59,174,544
KEELUNG II,25.133333,121.733333,"TAIWAN, PROVINCE OF CHINA",1956,1994,0.64,0.89,0.4721,36,62,200,545
YUZHNO KURILSK,44.016667,145.866667,RUSSIAN FEDERATION,1951,1992,2.79,0.36,0.0000,21,33,98,546
BARENTSBURG II (SPITSBERGEN),78.066667,14.250000,SVALBARD AND JAN MAYEN,1949,1993,-1.70,0.44,0.0001,26,41,120,547
ALERT BAY,50.583333,-126.950000,CANADA,1949,1978,-1.66,0.68,0.0146,23,37,108,554
PUERTO CORTES,15.833333,-87.950000,HONDURAS,1948,1968,7.87,1.19,0.0000,24,40,125,557
BODO,67.288290,14.390813,NORWAY,1950,2015,-1.26,0.62,0.0421,47,76,229,562
GIBARA,21.108333,-76.125000,CUBA,1976,2014,2.00,0.47,0.0000,23,37,109,563
MACKAY,-21.100000,149.233333,AUSTRALIA,1966,2015,2.17,0.45,0.0000,28,46,138,564
LAS PALMAS C (PUERTO DE LA LUZ),28.146600,-15.407500,SPAIN,1992,2015,3.97,0.59,0.0000,17,27,79,565
CORDOVA,60.558333,-145.751667,UNITED STATES,1965,2015,4.17,0.98,0.0000,50,86,282,566
"KODIAK ISLAND,  WOMENS BAY",57.731667,-152.511667,UNITED STATES,1985,2015,-9.37,0.73,0.0000,25,40,117,567
TIKSI (TIKSI BUKHTA),71.583333,128.916667,RUSSIAN FEDERATION,1949,2009,1.54,0.42,0.0002,34,55,160,569
CARTAGENA,10.400000,-75.550000,COLOMBIA,1949,1992,5.30,0.18,0.0000,14,22,65,572
ARRECIFE,28.971850,-13.530000,SPAIN,1950,2011,0.50,0.30,0.0956,26,42,130,593
WAKE ISLAND,19.290000,166.616667,MARSHALL ISLANDS,1951,2015,1.99,0.28,0.0000,28,44,129,595
GLOUCESTER POINT,37.246667,-76.500000,UNITED STATES,1951,2002,3.74,0.45,0.0000,30,48,142,597
JOHNSTON ISLAND,16.738333,-169.530000,UNITED STATES MINOR OUTLYING ISLANDS,1950,2002,0.63,0.36,0.0801,26,42,122,598
AMDERMA,69.750000,61.700000,RUSSIAN FEDERATION,1950,2013,3.66,0.78,0.0000,53,89,279,599
UST KARA,69.250000,64.516667,RUSSIAN FEDERATION,1950,2013,1.81,0.35,0.0000,30,49,148,600
FEDOROVA (CHELUSKIN MYS),77.716667,104.300000,RUSSIAN FEDERATION,1950,2006,2.62,0.80,0.0011,48,80,272,601
SANNIKOVA (SANNIKOVA PROLIV),74.666667,138.900000,RUSSIAN FEDERATION,1950,2013,1.45,0.65,0.0257,46,77,255,602
SHALAUROVA (SHALAUROVA MYS),73.183333,143.233333,RUSSIAN FEDERATION,1950,1999,0.48,0.74,0.5166,41,65,195,603
AMBARCHIK,69.616667,162.300000,RUSSIAN FEDERATION,1950,1995,2.69,1.34,0.0447,57,94,286,604
RAU-CHUA,69.500000,166.583333,RUSSIAN FEDERATION,1950,2001,0.27,1.37,0.8438,64,105,NaN,605
PEVEK,69.700000,170.250000,RUSSIAN FEDERATION,1950,2011,3.33,0.72,0.0000,48,80,244,606
VANKAREM,67.833333,-175.833333,RUSSIAN FEDERATION,1950,2001,2.71,0.80,0.0007,44,72,218,607
VRANGELIA (VRANGELIA OSTROV),70.983333,-178.483333,RUSSIAN FEDERATION,1950,2000,2.23,0.92,0.0154,48,81,257,608
MALYE KARMAKULY,72.366667,52.700000,RUSSIAN FEDERATION,1950,1980,-3.44,2.85,0.2274,65,106,NaN,609
UST OLENEK,73.000000,119.866667,RUSSIAN FEDERATION,1950,1980,-1.71,1.67,0.3059,44,69,202,610
DIKSON,73.500000,80.400000,RUSSIAN FEDERATION,1950,2012,2.54,0.75,0.0007,46,74,217,611
STERLEGOVA (STERLEGOVA MYS),75.416667,88.900000,RUSSIAN FEDERATION,1950,2012,1.42,0.83,0.0871,53,86,251,612
NETTEN,66.966667,-171.933333,RUSSIAN FEDERATION,1950,1994,2.20,0.84,0.0088,39,65,199,613
QINHUANGDAO,39.900000,119.600000,CHINA,1950,1994,-0.06,0.52,0.9081,29,47,139,614
PRAVDY (PRAVDY OSTROV),76.266667,94.766667,RUSSIAN FEDERATION,1950,1993,2.22,0.92,0.0158,41,66,193,615
MYS SHMIDTA,68.900000,-179.366667,RUSSIAN FEDERATION,1950,1993,1.94,0.98,0.0477,44,72,215,616
MALYI TAIMYR (MALYI TAIMYR OSTROV),78.083333,106.816667,RUSSIAN FEDERATION,1950,1991,2.82,0.80,0.0004,36,58,175,620
KOLUCHIN,67.483333,-174.650000,RUSSIAN FEDERATION,1950,1991,2.81,1.02,0.0059,43,69,206,621
UGORSKII SHAR (UGORSKII SHAR PROLIV),69.816667,60.750000,RUSSIAN FEDERATION,1950,1989,0.57,0.57,0.3173,27,44,128,622
KIPTOPEKE BEACH,37.165000,-75.988333,UNITED STATES,1952,2015,3.57,0.29,0.0000,27,44,130,636
TOWNSVILLE I,-19.250000,146.833333,AUSTRALIA,1959,2015,1.94,0.37,0.0000,29,46,138,637
REYKJAVIK,64.150583,-21.939889,ICELAND,1957,2015,2.21,0.44,0.0000,33,54,163,638
DUNAI (DUNAI OSTROV),73.933333,124.500000,RUSSIAN FEDERATION,1951,2010,2.41,0.56,0.0000,41,65,190,640
KOTELNYI (KOTELNYI OSTROV),76.000000,137.866667,RUSSIAN FEDERATION,1951,2013,4.98,0.54,0.0000,42,67,195,641
KIGILIAH,73.333333,139.866667,RUSSIAN FEDERATION,1951,2013,0.38,0.56,0.4974,42,68,203,642
KOLOBRZEG,54.183333,15.550000,POLAND,1951,1999,1.28,0.54,0.0178,32,52,151,643
USTKA,54.583333,16.866667,POLAND,1951,1999,1.71,0.59,0.0038,34,55,160,644
WLADYSLAWOWO,54.800000,18.416667,POLAND,1951,1999,2.46,0.64,0.0001,36,58,168,645
ANDREIA (ANDREIA OSTROV),76.800000,110.750000,RUSSIAN FEDERATION,1951,1994,3.63,0.88,0.0000,40,64,190,646
ZHELANIA II (ZHELANIA MYS),76.950000,68.550000,RUSSIAN FEDERATION,1951,1992,-0.99,1.57,0.5283,59,99,NaN,647
GEIBERGA (GEIBERGA OSTROV),77.600000,101.516667,RUSSIAN FEDERATION,1951,1992,2.64,0.83,0.0015,37,59,175,648
MUOSTAH ( MUOSTAH OSTROV),71.550000,130.033333,RUSSIAN FEDERATION,1951,1994,3.11,0.92,0.0007,41,66,194,649
CHETYREHSTOLBOVOI,70.633333,162.483333,RUSSIAN FEDERATION,1951,1993,1.24,1.15,0.2809,47,76,223,650
BOLVANSKII NOS (FEDOROVA),70.450000,59.083333,RUSSIAN FEDERATION,1951,1992,3.06,1.12,0.0063,46,75,230,651
PREOBRAZHENIA (PREOBRAZHENIA OSTROV),74.666667,112.933333,RUSSIAN FEDERATION,1951,1989,0.12,0.81,0.8822,34,54,161,652
RUSSKII (RUSSKII OSTROV),77.166667,96.433333,RUSSIAN FEDERATION,1951,1985,-0.29,1.50,0.8467,46,74,219,655
SOLNECHNAIA (SOLNECHNAIA BUKHTA),78.200000,103.266667,RUSSIAN FEDERATION,1951,1989,4.66,0.93,0.0000,37,59,176,656
SVIATOI NOS (SVIATOI NOS MYS),72.833333,140.733333,RUSSIAN FEDERATION,1951,1987,1.97,1.24,0.1121,43,69,203,657
ZEMLIA BUNGE,74.883333,142.116667,RUSSIAN FEDERATION,1951,1987,2.75,0.82,0.0008,32,52,151,658
IZUHARA,34.200000,129.300000,JAPAN,1961,1983,0.90,1.05,0.3914,24,38,116,661
PROVIDENIA,64.416667,-173.233333,RUSSIAN FEDERATION,1952,1983,3.48,0.86,0.0001,29,46,135,662
MAIZURU I,35.483333,135.400000,JAPAN,1951,1980,0.23,0.58,0.6917,21,33,98,663
TROMSO,69.647424,18.961323,NORWAY,1953,2015,0.07,0.38,0.8538,33,53,155,680
HARSTAD,68.801261,16.548236,NORWAY,1953,2015,-0.77,0.38,0.0427,33,53,155,681
KRISTIANSUND,63.113859,7.734352,NORWAY,1953,2015,-0.74,0.39,0.0578,33,53,157,682
BURNIE,-41.050083,145.915000,AUSTRALIA,1993,2015,2.80,0.76,0.0002,18,30,90,683
MURMANSK,68.966667,33.050000,RUSSIAN FEDERATION,1952,2014,2.07,1.01,0.0404,63,107,NaN,684
SPLIT RT MARJANA,43.508333,16.391667,CROATIA,1953,2011,-0.33,0.54,0.5411,38,62,190,685
ACAPULCO,16.833333,-99.916667,MEXICO,1967,2000,7.58,1.83,0.0000,51,82,241,686
MURMANSK II,68.966667,33.050000,RUSSIAN FEDERATION,1952,1993,0.98,1.32,0.4578,51,85,259,687
FULFORD HARBOUR,48.766667,-123.450000,CANADA,1953,1991,0.01,0.61,0.9869,28,45,132,688
SALINA CRUZ,16.166667,-95.200000,MEXICO,1953,1984,2.69,1.19,0.0238,34,54,159,689
PROGRESO,21.300000,-89.666667,MEXICO,1952,1984,4.88,1.13,0.0000,36,60,186,690
GUAYMAS,27.916667,-110.900000,MEXICO,1952,1989,3.97,0.92,0.0000,36,57,170,693
LA PAZ,24.166667,-110.350000,MEXICO,1952,1976,1.84,1.16,0.1127,28,45,132,695
KAINAN,34.144167,135.191389,JAPAN,1953,2015,-1.55,0.32,0.0000,27,46,149,701
HANSTHOLM,57.118889,8.595556,DENMARK,1953,2012,2.01,0.44,0.0000,30,47,138,703
VISE (VISE OSTROV),79.500000,76.983333,RUSSIAN FEDERATION,1953,2011,0.19,0.48,0.6922,35,57,185,704
UEDINENIA (UEDINENIA OSTROV),77.500000,82.200000,RUSSIAN FEDERATION,1953,1992,1.68,0.84,0.0455,36,58,179,707
BILLINGA,69.883333,175.766667,RUSSIAN FEDERATION,1953,1994,1.89,1.25,0.1305,49,79,236,708
RUSSKAIA GAVAN II,76.183333,62.583333,RUSSIAN FEDERATION,1953,1990,-0.85,0.80,0.2880,32,53,171,710
RUSSKAYA GAVAN,76.200000,62.583333,RUSSIAN FEDERATION,1953,1989,-1.22,0.81,0.1320,32,52,186,711
ASAMUSHI,40.897500,140.859167,JAPAN,1955,2015,0.93,0.19,0.0000,19,31,98,721
YOKOSUKA,35.288056,139.651389,JAPAN,1957,2015,4.90,0.27,0.0000,24,38,115,722
DALIAN,38.866667,121.683333,CHINA,1954,2015,2.15,0.52,0.0000,36,61,198,723
SEMBAWANG,1.466667,103.833333,SINGAPORE,1954,2015,-0.85,1.15,0.4598,69,120,NaN,724
FREEPORT,28.948333,-95.308333,UNITED STATES,1955,2007,8.69,1.17,0.0000,60,104,NaN,725
XIAMEN,24.450000,118.066667,CHINA,1954,2003,1.16,0.64,0.0699,36,59,181,727
IZVESTIA TSIK (IZVESTIA TSIK OSTROVA),75.950000,82.950000,RUSSIAN FEDERATION,1954,2013,-0.13,0.41,0.7512,33,52,154,728
GOLOMIANYI (GOLOMIANYI OSTROV),79.550000,90.616667,RUSSIAN FEDERATION,1954,2006,0.85,0.64,0.1841,39,64,186,729
AION,69.933333,167.983333,RUSSIAN FEDERATION,1954,2000,0.06,1.25,0.9617,56,93,287,730
MORZHOVAIA (HARASAVEI MYS),71.416667,67.583333,RUSSIAN FEDERATION,1954,1992,1.02,1.36,0.4533,48,76,226,732
ISACHENKO (ISACHENKO OSTROV),77.150000,89.200000,RUSSIAN FEDERATION,1954,1992,3.15,0.88,0.0003,36,57,167,734
KOSYSTYI (KOSYSTYI MYS),73.650000,109.733333,RUSSIAN FEDERATION,1954,1989,-7.31,1.13,0.0000,39,63,185,736
MANZANILLO,19.050000,-104.333333,MEXICO,1954,1982,3.58,1.51,0.0177,39,62,182,737
KRASNOFLOTSKIE (KRASNOFLOTSKIE OSTROVA),78.600000,98.833333,RUSSIAN FEDERATION,1954,1987,2.05,0.63,0.0011,25,40,117,738
KASHIWAZAKI,37.356667,138.508333,JAPAN,1956,2015,1.15,0.44,0.0090,32,55,181,753
LOWESTOFT,52.473111,1.750111,UNITED KINGDOM,1956,2015,2.62,0.31,0.0000,27,43,129,754
MILLPORT,55.749806,-4.906333,UNITED KINGDOM,1986,2015,1.31,0.56,0.0193,22,34,93,755
"NAWILIWILI BAY, KAUAI ISLAND",21.953333,-159.355000,UNITED STATES,1955,2015,1.45,0.34,0.0000,27,46,151,756
UNALASKA,53.880000,-166.536667,UNITED STATES,1956,2015,-4.92,0.36,0.0000,30,48,142,757
HAMMERFEST,70.664641,23.683227,NORWAY,1957,2015,0.87,0.40,0.0296,31,50,147,758
MAGUEYES ISLAND,17.970000,-67.045000,PUERTO RICO,1955,2015,1.71,0.17,0.0000,19,29,87,759
DUBROVNIK,42.658300,18.063300,CROATIA,1956,2014,1.65,0.45,0.0002,33,55,172,760
ROVINJ,45.083300,13.628300,CROATIA,1956,2014,0.89,0.27,0.0010,24,38,112,761
RODBYHAVN,54.655833,11.348611,DENMARK,1955,2012,1.48,0.58,0.0107,40,64,189,762
LA CORUNA II,43.366667,-8.400000,SPAIN,1955,1997,0.76,0.63,0.2277,29,48,143,763
NEWPORT BAY,33.603333,-117.881667,UNITED STATES,1956,1990,1.75,0.66,0.0080,26,42,125,766
TADIBE-IAHA,70.366667,72.566667,RUSSIAN FEDERATION,1955,1989,-2.69,1.72,0.1178,51,81,239,767
ALVARADO,18.766667,-95.766667,MEXICO,1955,1979,2.01,1.39,0.1482,31,50,147,768
REEDY POINT,39.558333,-75.573333,UNITED STATES,1985,2015,4.03,0.71,0.0000,24,39,115,786
KIEL-HOLTENAU,54.372222,10.156944,GERMANY,1956,2015,1.31,0.21,0.0000,21,34,99,789
TERPIAI-TUMSA,73.550000,118.666667,RUSSIAN FEDERATION,1956,1996,2.53,0.73,0.0005,33,53,160,790
VALKARKAI,70.083333,170.933333,RUSSIAN FEDERATION,1956,1991,3.00,1.43,0.0359,46,74,222,792
ENSENADA,31.850000,-116.633333,MEXICO,1957,1988,1.01,0.97,0.2978,32,51,150,795
CIUDAD DEL CARMEN,18.633333,-91.850000,MEXICO,1957,1987,3.69,0.59,0.0000,21,34,104,796
SHIMIZU-MINATO,35.011667,138.517500,JAPAN,1958,2015,5.73,0.41,0.0000,32,55,151,808
KOMATSUSHIMA,34.009167,134.587778,JAPAN,1958,2015,2.19,0.36,0.0000,29,47,138,809
MISUMI,32.623056,130.451389,JAPAN,1957,2012,2.46,0.45,0.0000,29,52,175,810
SAKAI,35.547778,133.243056,JAPAN,1958,2015,2.33,0.51,0.0000,33,59,199,811
UNO,34.488611,133.949444,JAPAN,1958,2015,5.06,0.42,0.0000,32,52,153,812
HAKODATE I,41.781667,140.724722,JAPAN,1961,2015,-0.79,0.34,0.0202,25,42,129,813
ABURATSU,31.576944,131.409444,JAPAN,1960,2015,2.06,0.44,0.0000,30,51,157,814
TOSA SHIMIZU,32.779167,132.958889,JAPAN,1958,2015,1.62,0.53,0.0022,36,60,190,815
WAKAYAMA,34.221667,135.145556,JAPAN,1958,2015,-0.39,0.39,0.3173,31,49,146,816
TAN-NOWA,34.338889,135.178056,JAPAN,1958,2015,1.95,0.37,0.0000,29,47,139,817
MAR DEL PLATA (NAVAL BASE),-38.033333,-57.516667,ARGENTINA,1958,2014,0.91,0.40,0.0229,30,49,146,819
BRISBANE (WEST INNER BAR),-27.366667,153.166667,AUSTRALIA,1966,2015,0.64,0.80,0.4237,45,69,207,822
MOKUOLOE ISLAND,21.431667,-157.790000,UNITED STATES,1958,2015,1.17,0.30,0.0001,26,41,121,823
PETROPAVLOVSK-KAMCHATSKY,52.983333,158.650000,RUSSIAN FEDERATION,1958,2014,2.79,0.37,0.0000,27,45,146,824
GLADSTONE,-23.853833,151.313667,AUSTRALIA,1978,2015,3.11,0.68,0.0000,29,47,140,825
"GALVESTON I, PLEASURE PIER, TX",29.285000,-94.788333,UNITED STATES,1958,2010,6.62,0.47,0.0000,30,50,159,828
QUEEN CHARLOTTE CITY,53.250000,-132.066667,CANADA,1966,2015,0.09,0.38,0.8128,26,42,123,829
LERWICK,60.154028,-1.140306,UNITED KINGDOM,1957,2015,0.35,0.31,0.2589,25,41,130,830
PORT KEMBLA,-34.473750,150.911861,AUSTRALIA,1992,2015,3.37,0.70,0.0000,19,30,89,831
PALERMO,-34.566667,-58.400000,ARGENTINA,1960,2014,1.61,0.48,0.0008,33,54,159,832
EDEN,-37.073660,149.907739,AUSTRALIA,1988,2015,0.61,1.01,0.5459,28,45,133,833
BUNBURY,-33.323444,115.659972,AUSTRALIA,1958,2015,1.68,0.52,0.0012,37,59,176,834
KARUMBA,-17.500000,140.833333,AUSTRALIA,1985,2015,3.51,1.81,0.0525,46,74,218,835
NEWCASTLE V,-32.924000,151.788583,AUSTRALIA,1966,2015,1.42,0.49,0.0038,30,50,149,837
HOBART,-42.877328,147.340953,AUSTRALIA,1988,2015,1.03,0.86,0.2310,25,40,118,838
HONDAU,20.666667,106.800000,VIET NAM,1957,2013,2.03,0.40,0.0000,31,49,146,841
SHIMONOSEKI I,33.966667,130.950000,JAPAN,1958,1992,-0.53,0.72,0.4617,27,44,132,845
TAKAMATSU,34.350000,134.050000,JAPAN,1958,1991,2.55,1.11,0.0216,37,61,185,847
PORT JEFFERSON,40.950000,-73.076667,UNITED STATES,1958,1990,1.93,0.67,0.0040,25,40,119,848
NEW ROCHELLE,40.893333,-73.781667,UNITED STATES,1958,1981,-0.28,1.47,0.8489,32,52,156,856
MOZI,33.950000,130.966667,JAPAN,1959,2007,1.95,0.39,0.0000,24,40,138,912
ARGENTINE ISLANDS,-65.246233,-64.257417,ANTARCTICA,1960,2014,1.34,0.47,0.0044,31,53,165,913
MALIN HEAD,55.366667,-7.333333,IRELAND,1959,2001,-1.46,0.77,0.0579,35,58,177,916
SOPOCHNAIA KARGA,71.866667,82.700000,RUSSIAN FEDERATION,1958,2013,2.37,0.77,0.0021,46,74,220,917
ZHAPO,21.583333,111.816667,CHINA,1959,2015,2.14,0.33,0.0000,27,43,128,933
KANMEN,28.083333,121.283333,CHINA,1959,2015,2.24,0.27,0.0000,23,38,113,934
DARWIN,-12.471778,130.845861,AUSTRALIA,1991,2015,5.91,2.23,0.0080,44,70,209,935
HEYSHAM,54.031833,-2.920250,UNITED KINGDOM,1962,1997,1.22,0.83,0.1416,31,50,150,936
ZHOHOVA (ZHOHOVA OSTROV),76.150000,152.833333,RUSSIAN FEDERATION,1959,1992,2.19,1.07,0.0407,35,58,182,937
PORTNEUF,46.683333,-71.883333,CANADA,1961,2015,-0.24,1.53,0.8754,74,118,NaN,951
SIBAURA,35.633333,139.750000,JAPAN,1961,2007,1.62,0.36,0.0000,22,37,122,952
MOKPO,34.779722,126.375556,"KOREA, REPUBLIC OF",1960,2015,3.69,0.57,0.0000,37,61,189,954
BUSAN,35.096111,129.035556,"KOREA, REPUBLIC OF",1961,2015,2.06,0.33,0.0000,24,41,128,955
INCHEON,37.451944,126.592222,"KOREA, REPUBLIC OF",1960,2015,1.14,0.75,0.1285,44,76,240,956
ALBANY,-35.033722,117.892556,AUSTRALIA,1987,2015,4.12,1.46,0.0048,37,60,179,957
ALICANTE II,38.333333,-0.483333,SPAIN,1960,1995,-0.72,0.53,0.1743,23,37,116,960
COCOS ISLAND (HOME IS.),-12.116694,96.894417,COCOS (KEELING) ISLANDS,1993,2015,8.12,1.20,0.0000,26,41,121,983
BELLA BELLA,52.166667,-128.133333,CANADA,1962,2015,-0.02,0.39,0.9591,29,46,134,984
CADIZ III,36.540100,-6.286200,SPAIN,1961,2015,3.71,0.48,0.0000,33,53,158,985
ULSAN,35.501944,129.387222,"KOREA, REPUBLIC OF",1963,2015,1.50,0.52,0.0039,33,54,166,997
ST-FRANCOIS,47.000000,-70.816667,CANADA,1963,2015,0.25,0.69,0.7171,41,66,196,999
SAN JUAN,18.458333,-66.115000,PUERTO RICO,1963,2015,2.02,0.26,0.0000,21,34,99,1001
HONNGU,18.800000,105.766667,VIET NAM,1962,2013,-5.67,1.29,0.0000,63,105,NaN,1003
CHAMPLAIN,46.433333,-72.400000,CANADA,1963,1994,4.08,7.27,0.5747,126,202,NaN,1005
PESCHANYI (PESCHANYI MYS),79.433333,102.483333,RUSSIAN FEDERATION,1962,1992,3.96,1.16,0.0006,34,55,160,1006
WONSAN,39.166667,127.450000,"KOREA, DEMOCRATIC PEOPLE'S REPUBLIC OF",1962,1992,1.30,0.51,0.0108,20,32,93,1007
KOPER,45.566667,13.750000,SLOVENIA,1962,1991,-0.14,0.61,0.8185,21,34,100,1009
KRENKELIA (HEISA OSTROV),80.616667,58.050000,RUSSIAN FEDERATION,1962,1990,-5.09,1.40,0.0003,36,58,175,1012
RINCON ISLAND,34.348333,-119.441667,UNITED STATES,1962,1989,3.52,1.07,0.0010,29,47,139,1013
OSHORO II,43.209444,140.858056,JAPAN,1963,2015,0.55,0.19,0.0038,17,28,84,1027
HIROSIMA,34.353056,132.464722,JAPAN,1964,2015,4.61,0.46,0.0000,28,49,171,1028
GERALDTON,-28.775972,114.601889,AUSTRALIA,1993,2015,6.50,2.61,0.0128,45,72,213,1031
ILHA FISCAL,-22.896667,-43.166667,BRAZIL,1965,2013,2.73,1.50,0.0688,68,115,NaN,1032
STONY POINT,-38.372139,145.224694,AUSTRALIA,1993,2015,2.30,0.87,0.0082,18,34,99,1033
"TAI PO KAU, TOLO HARBOUR",22.442500,114.183889,HONG KONG,1963,2015,3.15,0.49,0.0000,33,53,155,1034
AMRUM (WITTDUEN),54.616667,8.383333,GERMANY,1963,2010,2.94,1.11,0.0081,52,83,247,1036
BORKUM (FISCHERBALJE),53.557500,6.747778,GERMANY,1963,2010,2.28,0.51,0.0000,30,48,142,1037
PORT MANSFIELD,26.553333,-97.421667,UNITED STATES,1964,1995,2.38,1.22,0.0511,37,64,215,1038
MATSUYAMA II,33.858889,132.712222,JAPAN,1964,2015,0.13,0.37,0.7253,26,42,126,1062
MINAMI IZU,34.616667,138.883333,JAPAN,1966,2007,1.73,0.58,0.0029,29,46,138,1064
WHANGAREI HARBOUR (MARSDEN POINT),-35.757430,174.350030,NEW ZEALAND,1985,2015,3.01,1.02,0.0032,31,50,147,1065
JEJU,33.527500,126.543056,"KOREA, REPUBLIC OF",1964,2015,5.22,0.34,0.0000,23,38,130,1066
BRIDGEPORT,41.173333,-73.181667,UNITED STATES,1965,2014,2.91,0.46,0.0000,30,47,140,1068
VICTOR HARBOUR,-35.562481,138.635403,AUSTRALIA,1966,2015,1.10,0.56,0.0495,34,54,160,1069
SELDOVIA,59.440000,-151.720000,UNITED STATES,1966,2012,-9.55,0.58,0.0000,33,52,152,1070
PORT HARDY,50.716667,-127.483333,CANADA,1965,2015,-0.54,0.41,0.1878,28,45,131,1071
ROSYTH,56.016667,-3.450000,UNITED KINGDOM,1964,1993,0.53,1.63,0.7451,44,73,226,1074
BAR,42.083333,19.083333,MONTENEGRO,1965,1990,1.23,0.87,0.1574,23,37,112,1075
POINTE ST. GILDAS,47.133333,-2.250000,FRANCE,1964,1988,-0.52,1.60,0.7452,34,55,163,1078
URAGAMI,33.558333,135.896389,JAPAN,1965,2015,2.06,0.60,0.0006,34,59,204,1090
OKADA,34.789444,139.391389,JAPAN,1965,2015,-1.04,0.45,0.0208,29,47,141,1091
AWA SIMA,38.467778,139.255000,JAPAN,1968,2015,3.74,0.43,0.0000,27,43,129,1093
HAKATA,33.618889,130.407778,JAPAN,1966,2015,2.03,0.48,0.0000,28,49,160,1094
SAIGO,36.201389,133.331111,JAPAN,1965,2015,1.96,0.43,0.0000,27,46,144,1095
NISINOOMOTE,30.735000,130.992222,JAPAN,1966,2015,2.29,0.21,0.0000,17,28,81,1096
ODOMARI,31.023611,130.689167,JAPAN,1966,2015,1.90,0.55,0.0006,32,53,167,1097
SUMOTO,34.340556,134.906667,JAPAN,1965,2015,2.93,0.44,0.0000,28,47,148,1098
NAGASAKI,32.735000,129.866111,JAPAN,1965,2015,2.52,0.27,0.0000,20,33,106,1100
FUKUE,32.696111,128.849444,JAPAN,1965,2015,1.38,0.39,0.0004,25,42,136,1101
OURA,32.976667,130.220556,JAPAN,1965,2015,2.93,0.34,0.0000,24,39,118,1102
WAKKANAI,45.407778,141.685278,JAPAN,1975,2015,3.53,0.23,0.0000,15,24,71,1103
ABASHIRI,44.019444,144.285833,JAPAN,1965,2015,1.29,0.45,0.0041,28,47,149,1104
NAKANO SIMA,29.841944,129.847778,JAPAN,1984,2015,4.08,0.40,0.0000,17,27,80,1105
FORT MYERS,26.646667,-81.870000,UNITED STATES,1966,2015,2.83,0.35,0.0000,25,40,117,1106
NAPLES,26.131667,-81.806667,UNITED STATES,1966,2015,2.66,0.44,0.0000,26,46,162,1107
MUKHO,37.550278,129.116389,"KOREA, REPUBLIC OF",1965,2015,0.94,0.50,0.0601,28,51,178,1108
WICK,58.440972,-3.086306,UNITED KINGDOM,1965,2014,1.25,0.33,0.0002,23,37,113,1109
NANTUCKET ISLAND,41.285000,-70.096667,UNITED STATES,1965,2015,3.49,0.39,0.0000,26,43,129,1111
ULLAPOOL,57.895250,-5.157889,UNITED KINGDOM,1983,2015,1.72,0.69,0.0127,26,41,120,1112
HELGEROA,58.995212,9.856379,NORWAY,1984,2015,-0.51,0.85,0.5485,29,45,134,1113
ESPERANCE,-33.870889,121.895361,AUSTRALIA,1993,2015,5.47,1.69,0.0012,33,53,158,1114
CARNARVON,-24.898694,113.651028,AUSTRALIA,1967,2015,2.31,0.87,0.0079,44,71,211,1115
WYNDHAM,-15.453278,128.101028,AUSTRALIA,1985,2015,5.48,1.71,0.0014,45,72,212,1116
PICTOU,45.683333,-62.700000,CANADA,1966,1995,2.52,1.00,0.0117,30,48,144,1121
ANTIPAIUTA,69.083333,76.850000,RUSSIAN FEDERATION,1965,1988,-3.75,4.12,0.3627,67,110,NaN,1128
OWASE,34.076389,136.207222,JAPAN,1967,2015,-1.31,0.37,0.0004,24,38,113,1146
SASEBO II,33.158056,129.723889,JAPAN,1967,2015,2.07,0.40,0.0000,24,41,138,1147
TAJIRI,35.593611,134.315833,JAPAN,1966,2015,2.93,0.27,0.0000,19,32,103,1148
MIYAKO II,39.643056,141.975278,JAPAN,1967,2010,3.21,0.48,0.0000,26,42,128,1149
SHIRAHAMA,33.683611,135.375278,JAPAN,1967,2015,0.12,0.60,0.8415,33,56,195,1150
NAHA,26.213333,127.665278,JAPAN,1967,2015,2.13,0.32,0.0000,23,37,108,1151
PATRICIA BAY,48.650000,-123.450000,CANADA,1977,2015,0.81,0.81,0.3173,33,54,160,1152
CAPE MAY,38.968333,-74.960000,UNITED STATES,1966,2015,4.46,0.58,0.0000,34,55,163,1153
"BUNDABERG, BURNETT HEADS",-24.766667,152.383333,AUSTRALIA,1966,2015,1.55,0.40,0.0001,26,43,128,1154
YEOSU,34.747222,127.765556,"KOREA, REPUBLIC OF",1966,2015,1.48,0.36,0.0000,24,40,121,1155
DAUPHIN ISLAND,30.250000,-88.075000,UNITED STATES,1971,2015,3.01,0.45,0.0000,25,41,130,1156
WEIPA,-12.666667,141.866667,AUSTRALIA,1966,2015,3.46,0.97,0.0004,46,74,219,1157
YARMOUTH,43.833333,-66.133333,CANADA,1967,2015,3.53,0.40,0.0000,26,42,125,1158
BROOME,-18.000833,122.218639,AUSTRALIA,1992,2015,6.94,2.74,0.0113,49,79,234,1159
MILNER BAY (GROOTE EYLANDT),-13.860056,136.415583,AUSTRALIA,1994,2015,5.10,3.39,0.1325,52,83,247,1160
MIKUNI,36.254722,136.148889,JAPAN,1968,2015,4.09,0.68,0.0000,36,60,182,1190
KATSUURA,35.129444,140.249444,JAPAN,1968,2015,2.24,0.18,0.0000,15,24,70,1191
APALACHICOLA,29.726667,-84.981667,UNITED STATES,1968,2015,2.00,0.43,0.0000,27,43,126,1193
MURORAN,42.350000,140.950000,JAPAN,1968,2007,1.41,0.27,0.0000,16,26,81,1194
SOUTH BEACH,44.625000,-124.041667,UNITED STATES,1967,2014,2.28,0.58,0.0001,33,53,157,1196
FYNSHAV,54.995000,9.986944,DENMARK,1968,2012,2.27,0.37,0.0000,22,36,105,1197
SE-LAHA,70.150000,72.566667,RUSSIAN FEDERATION,1967,1989,-2.86,1.56,0.0668,31,49,144,1200
KURE IV,34.240556,132.550278,JAPAN,1968,2015,3.46,0.45,0.0000,28,44,132,1209
TOKUYAMA II,34.040833,131.802778,JAPAN,1968,2015,2.84,0.64,0.0000,35,57,176,1210
SPIKARNA,62.363333,17.531111,SWEDEN,1969,2015,-6.13,0.82,0.0000,41,65,191,1211
UWAJIMA II,33.227222,132.551111,JAPAN,1969,2015,-0.07,0.47,0.8816,28,45,134,1212
RIVIERE-AU-RENARD,49.000000,-64.383333,CANADA,1969,2015,0.57,0.70,0.4155,36,60,186,1213
PORTPATRICK,54.842556,-5.120028,UNITED KINGDOM,1968,2010,2.07,0.54,0.0001,27,46,142,1215
SPRING BAY,-42.545861,147.932722,AUSTRALIA,1992,2015,3.25,0.59,0.0000,18,27,79,1216
MAJURO-B,7.100000,171.366667,MARSHALL ISLANDS,1969,2001,3.09,0.95,0.0011,31,50,147,1217
SOUDHAS,35.487453,24.082481,GREECE,1969,2011,0.25,1.24,0.8402,51,87,276,1232
LEROS,37.129675,26.847994,GREECE,1977,2015,1.29,0.50,0.0099,24,38,113,1233
SIROS,37.439969,24.945808,GREECE,1969,2012,-3.33,1.16,0.0041,49,82,254,1234
GOTEBORG - TORSHAMNEN,57.684722,11.790556,SWEDEN,1969,2015,0.48,0.46,0.2967,28,45,131,1236
KHALKIS NORTH,38.472289,23.592631,GREECE,1969,2015,0.59,0.86,0.4927,42,68,205,1237
ALEXANDROUPOLIS,40.844139,25.878272,GREECE,1969,2014,2.08,0.59,0.0004,34,52,153,1238
LEVKAS,38.834544,20.712108,GREECE,1970,2015,5.76,0.65,0.0000,34,54,159,1239
KATAKOLON,37.644822,21.319681,GREECE,1969,2014,2.83,0.67,0.0000,34,57,175,1240
RORVIK,64.859456,11.230107,NORWAY,1970,2015,-0.79,0.53,0.1361,29,48,152,1241
BAMFIELD,48.850000,-125.133333,CANADA,1971,2015,-0.08,0.53,0.8800,29,47,139,1242
ST-JOSEPH-DE-LA-RIVE,47.450000,-70.366667,CANADA,1980,2015,-0.91,1.74,0.6010,54,89,272,1244
NEW  WESTMINSTER,49.200000,-122.916667,CANADA,1970,2015,-0.91,0.97,0.3482,45,71,210,1245
HAY POINT,-21.283333,149.300000,AUSTRALIA,1985,2015,3.71,1.21,0.0022,35,57,169,1246
PORT TUDY,47.644274,-3.445852,FRANCE,1976,2015,2.47,0.46,0.0000,24,37,110,1247
SULTAN SHOAL,1.233333,103.650000,SINGAPORE,1972,2015,2.99,0.48,0.0000,26,42,125,1248
MALAKAL-B,7.333333,134.466667,PALAU,1971,2014,2.73,1.39,0.0495,55,88,259,1252
RIKITEA,-23.122268,-134.966749,FRENCH POLYNESIA,1970,2014,1.70,0.31,0.0000,20,32,95,1253
STEVESTON,49.116667,-123.183333,CANADA,1970,1995,1.80,1.43,0.2081,33,53,155,1255
OMAEZAKI II,34.608333,138.222222,JAPAN,1971,2015,7.71,0.45,0.0000,26,42,123,1263
OGA,39.942222,139.705833,JAPAN,1970,2015,-1.56,0.35,0.0000,22,36,115,1264
AKUNE,32.017500,130.190833,JAPAN,1971,2015,1.18,0.50,0.0183,26,45,147,1265
HACHINOHE II,40.531667,141.527778,JAPAN,1971,2010,2.69,0.68,0.0001,30,50,154,1266
HONNINGSVAG,70.980318,25.972697,NORWAY,1972,2015,1.57,0.63,0.0127,32,51,151,1267
BOOBY ISLAND,-10.602550,141.910133,AUSTRALIA,1988,2015,-1.10,5.25,0.8340,99,161,NaN,1268
CHARLESTON II,43.345000,-124.321667,UNITED STATES,1971,2015,0.99,0.52,0.0569,29,45,134,1269
HALDIA,22.033333,88.100000,INDIA,1971,2012,2.70,0.56,0.0000,28,45,133,1270
EASTER ISLAND-E,-27.154722,-109.472778,CHILE,1981,2014,-0.23,1.07,0.8298,35,55,164,1272
JURONG,1.300000,103.716667,SINGAPORE,1971,1996,-1.01,0.98,0.3027,26,41,123,1275
OITA II,33.266111,131.686667,JAPAN,1972,2015,1.43,0.65,0.0278,32,53,162,1293
LE CONQUET,48.359402,-4.780830,FRANCE,1971,2015,2.86,0.34,0.0000,22,35,103,1294
CAMBRIDGE II,38.573333,-76.068333,UNITED STATES,1971,2015,3.80,0.60,0.0000,32,55,153,1295
URAKAWA II,42.166667,142.766667,JAPAN,1971,2002,-2.91,0.39,0.0000,16,27,85,1296
CABO DE SAN ANTONIO,21.900000,-84.900000,CUBA,1973,2014,3.28,0.42,0.0000,23,36,108,1297
NORTH SYDNEY,46.216667,-60.250000,CANADA,1970,2015,3.44,0.43,0.0000,25,42,128,1299
HAGI,34.433333,131.416667,JAPAN,1971,1991,-0.47,0.63,0.4556,15,25,72,1306
KARIYA,33.473056,129.849167,JAPAN,1972,2015,1.87,0.49,0.0001,25,43,137,1318
KURE I,33.333611,133.243333,JAPAN,1973,2015,-2.10,0.97,0.0304,42,69,211,1320
ARGENTIA,47.300000,-53.983333,CANADA,1972,2012,2.30,0.50,0.0000,25,40,121,1321
SEPT-ILES,50.200000,-66.400000,CANADA,1981,2015,0.27,0.87,0.7563,32,52,153,1322
CAMPBELL RIVER,50.016667,-125.233333,CANADA,1967,2015,-1.70,0.54,0.0016,31,49,146,1323
POHANG,36.047222,129.383889,"KOREA, REPUBLIC OF",1972,2015,4.97,0.85,0.0000,38,69,233,1324
PORT TOWNSEND,48.111667,-122.756667,UNITED STATES,1972,2015,1.83,0.56,0.0011,30,47,140,1325
SUVA-A,-18.135678,178.422839,FIJI,1973,2015,6.49,0.92,0.0000,40,66,197,1327
CAPE LAMBERT,-20.587972,117.186028,AUSTRALIA,1984,2015,4.04,1.63,0.0132,45,72,214,1328
KANTON ISLAND-B,-2.816667,-171.716667,KIRIBATI,1973,2011,0.69,1.00,0.4902,39,62,184,1329
OGI,37.814722,138.281111,JAPAN,1974,2015,1.03,0.59,0.0809,28,48,170,1344
SOMA,37.830833,140.962222,JAPAN,1974,2010,4.71,0.31,0.0000,17,27,79,1345
ROSCOFF,48.718399,-3.965860,FRANCE,1975,2015,1.77,0.43,0.0000,23,37,108,1347
LOWER ESCUMINAC,47.083333,-64.883333,CANADA,1973,2015,2.81,0.53,0.0000,27,45,135,1349
MONTEREY,36.605000,-121.886667,UNITED STATES,1974,2015,1.41,0.53,0.0078,27,44,129,1352
VALDEZ,61.125000,-146.361667,UNITED STATES,1975,2015,-4.65,1.24,0.0002,48,82,259,1353
"TOKE POINT, WILLIPA BAY, WA",46.706667,-123.966667,UNITED STATES,1979,2013,-0.49,1.02,0.6309,35,57,168,1354
OFUNATO II,39.019722,141.753333,JAPAN,1974,2010,4.71,0.36,0.0000,17,29,96,1364
SOKCHO,38.207222,128.594167,"KOREA, REPUBLIC OF",1974,2015,2.45,0.17,0.0000,13,20,60,1365
WHYALLA III,-33.012783,137.590356,AUSTRALIA,1987,2014,1.50,1.22,0.2189,32,51,152,1367
GOODS ISLAND,-10.561667,142.151667,AUSTRALIA,1990,2015,4.53,2.29,0.0479,46,73,216,1368
GANGRA,21.950000,88.016667,INDIA,1974,2006,1.28,0.86,0.1367,30,47,139,1369
POHNPEI-B,6.983333,158.233333,"MICRONESIA, FEDERATED STATES OF",1976,2014,2.28,1.24,0.0660,45,72,214,1370
CHRISTMAS ISLAND II,1.983333,-157.483333,KIRIBATI,1974,2014,0.98,1.20,0.4141,47,74,220,1371
FRENCH FRIGATE SHOALS,23.866667,-166.283333,UNITED STATES,1975,2005,1.75,1.54,0.2558,42,67,199,1372
KUCHINOTSU,32.605278,130.195278,JAPAN,1975,2015,3.15,0.37,0.0000,21,33,100,1386
MAIZURU II,35.476667,135.386944,JAPAN,1975,2015,4.20,0.23,0.0000,15,25,72,1387
OKINAWA,26.179444,127.824444,JAPAN,1976,2015,1.16,0.41,0.0047,22,35,103,1388
TOYAMA,36.762222,137.224722,JAPAN,1975,2015,3.68,0.33,0.0000,19,30,95,1389
MUROTOMISAKI,33.266389,134.164444,JAPAN,1976,2015,8.03,0.77,0.0000,33,54,159,1390
CHICHIJIMA,27.083333,142.183333,JAPAN,1976,2015,3.35,0.62,0.0000,29,48,141,1391
CHARLOTTE AMALIE,18.335000,-64.920000,"VIRGIN ISLANDS, U.S.",1976,2015,2.45,0.45,0.0000,21,34,101,1393
POINT REYES,37.995000,-122.976667,UNITED STATES,1975,2015,2.03,0.61,0.0009,30,47,139,1394
OKHA,22.466667,69.083333,INDIA,1976,2007,0.74,1.16,0.5235,36,60,189,1395
"PAPEETE-B, FARE UTE POINT, SOC.IS.",-17.533081,-149.572724,FRENCH POLYNESIA,1970,2014,3.29,0.53,0.0000,28,47,152,1397
WALLAROO II,-33.926017,137.615169,AUSTRALIA,1983,2015,0.49,0.98,0.6171,32,52,154,1420
NY-ALESUND,78.928545,11.938015,SVALBARD AND JAN MAYEN,1977,2015,-4.24,0.63,0.0000,28,45,137,1421
TAGO,34.806944,138.764167,JAPAN,1981,2015,5.15,0.54,0.0000,23,37,109,1437
YAIZU,34.870556,138.327222,JAPAN,1981,2015,5.59,0.84,0.0000,31,50,147,1438
KAMINATO II (HATIZYO SIMA),33.130278,139.804722,JAPAN,1981,2015,2.20,3.92,0.5746,94,155,NaN,1440
SPRINGMAID PIER,33.655000,-78.918333,UNITED STATES,1978,2015,2.87,0.96,0.0028,35,58,177,1444
GADEOKDO,35.024722,128.810833,"KOREA, REPUBLIC OF",1977,2015,3.05,0.35,0.0000,19,30,90,1445
TONGYEONG,34.827500,128.434722,"KOREA, REPUBLIC OF",1977,2015,2.16,0.22,0.0000,14,22,67,1446
"LIME TREE BAY, ST CROIX",17.693333,-64.753333,"VIRGIN ISLANDS, U.S.",1984,2015,3.19,0.62,0.0000,23,37,110,1447
KOSEROW,54.060278,14.000833,GERMANY,1980,2015,1.21,0.73,0.0974,29,46,133,1448
QUINHON,13.766667,109.250000,VIET NAM,1977,2013,0.32,0.85,0.7066,33,55,179,1449
PENRHYN,-9.016667,-158.066667,COOK ISLANDS,1978,2014,1.93,0.98,0.0489,36,59,173,1450
HIRON POINT,21.783333,89.466667,BANGLADESH,1983,2003,3.84,2.41,0.1111,38,58,179,1451
FUNAFUTI,-8.533333,179.216667,TUVALU,1978,2001,2.85,2.89,0.3241,50,80,236,1452
NICE,43.695599,7.285500,FRANCE,1978,2014,3.07,0.51,0.0000,23,37,114,1468
MONBETU II,44.350000,143.366667,JAPAN,1980,2007,0.80,0.46,0.0820,16,26,77,1470
PORT DOUGLAS 2,-16.483333,145.466667,AUSTRALIA,1988,2012,2.81,4.24,0.5075,90,152,NaN,1471
DANANG,16.100000,108.216667,VIET NAM,1978,2013,3.19,0.54,0.0000,24,39,113,1475
NAGOYA II,35.091389,136.880833,JAPAN,1980,2015,-2.54,0.60,0.0000,25,41,119,1488
DAEHEUKSANDO,34.683889,125.436389,"KOREA, REPUBLIC OF",1979,2012,0.81,0.57,0.1553,22,37,120,1489
ULLEUNG,37.491389,130.913611,"KOREA, REPUBLIC OF",1979,2015,3.47,0.86,0.0001,33,53,156,1490
CAPE FERGUSON,-19.277333,147.058444,AUSTRALIA,1992,2015,4.59,1.08,0.0000,25,41,121,1492
MOOLOOLABA 2,-26.683333,153.133333,AUSTRALIA,1988,2015,1.38,0.74,0.0622,23,37,109,1493
VUNGTAU,10.333333,107.066667,VIET NAM,1979,2013,3.82,1.00,0.0001,35,72,170,1495
WHITBY,54.490000,-0.614694,UNITED KINGDOM,1981,2014,7.48,0.99,0.0000,34,55,164,1505
NASE III,28.500000,129.500000,JAPAN,1981,2015,2.05,0.42,0.0000,20,31,92,1522
MAIZURU III,35.450000,135.316667,JAPAN,1982,2007,5.09,0.44,0.0000,15,24,70,1523
CUTLER II,44.641667,-67.296667,UNITED STATES,1982,2009,2.00,0.78,0.0103,23,38,113,1524
LEITH II,55.989833,-3.181694,UNITED KINGDOM,1989,2015,1.95,0.93,0.0360,26,41,122,1526
GUNSAN (OUTER PORT),35.975556,126.563333,"KOREA, REPUBLIC OF",1981,2015,3.32,0.76,0.0000,29,47,141,1527
CHOSHI-GYOKO,35.744444,140.858333,JAPAN,1982,2015,3.45,0.53,0.0000,21,35,108,1544
TOKYO III,35.648611,139.770000,JAPAN,1983,2015,1.69,0.54,0.0018,22,35,103,1545
GEOMUNDO,34.028333,127.309167,"KOREA, REPUBLIC OF",1982,2015,4.55,0.51,0.0000,21,35,106,1546
PORTLAND,-38.343444,141.613167,AUSTRALIA,1992,2015,3.06,0.91,0.0008,22,36,106,1547
KING BAY,-20.623611,116.749056,AUSTRALIA,1983,2014,4.71,1.77,0.0078,47,75,222,1549
ROOMPOT BUITEN,51.619722,3.681944,NETHERLANDS,1987,2015,2.50,0.68,0.0002,22,36,105,1551
KOCHI III,33.499167,133.569167,JAPAN,1984,2015,3.25,0.82,0.0001,28,45,131,1567
WANDO,34.315278,126.759722,"KOREA, REPUBLIC OF",1983,2015,1.69,0.39,0.0000,18,27,86,1568
SHUTE HARBOUR 2,-20.283333,148.783333,AUSTRALIA,1983,2015,3.48,0.75,0.0000,26,42,124,1569
HAMADA II,34.897222,132.066111,JAPAN,1985,2015,5.04,0.32,0.0000,14,23,68,1585
IZUHARA II,34.197778,129.291667,JAPAN,1985,2015,2.96,0.35,0.0000,15,24,72,1586
TAPPI,41.242500,140.381389,JAPAN,1985,2015,0.27,0.37,0.4656,16,25,75,1587
CHUJADO,33.961667,126.300278,"KOREA, REPUBLIC OF",1984,2015,2.31,0.36,0.0000,16,26,75,1588
TANJUNG GELANG,3.975000,103.430000,MALAYSIA,1984,2015,2.71,0.75,0.0003,26,43,131,1589
TAURANGA (SALISBURY WHARF),-37.640990,176.181100,NEW ZEALAND,1985,2015,3.68,1.16,0.0015,34,56,170,1590
PELABUHAN KELANG,3.050000,101.358333,MALAYSIA,1984,2012,2.30,1.05,0.0285,30,48,137,1591
CENDERING,5.265000,103.186667,MALAYSIA,1985,2014,3.42,0.70,0.0000,23,38,115,1592
TANJUNG KELING,2.215000,102.153333,MALAYSIA,1985,2015,2.53,0.82,0.0020,27,43,127,1593
LUMUT,4.240000,100.613333,MALAYSIA,1985,2015,2.48,0.86,0.0039,28,45,131,1594
PULAU PINANG,5.421667,100.346667,MALAYSIA,1986,2014,4.17,1.02,0.0000,29,47,138,1595
RIMOUSKI,48.483333,-68.516667,CANADA,1985,2015,0.41,0.82,0.6171,27,43,128,1597
ZANZIBAR,-6.150000,39.183333,"TANZANIA, UNITED REPUBLIC OF",1985,2013,1.03,1.12,0.3578,31,51,154,1600
SEOGWIPO,33.240000,126.561667,"KOREA, REPUBLIC OF",1985,2015,4.17,1.15,0.0003,35,59,187,1627
MOURILYAN HARBOUR,-17.583333,146.083333,AUSTRALIA,1985,2015,4.16,0.98,0.0000,31,49,148,1629
LUCINDA,-18.516667,146.383333,AUSTRALIA,1986,2015,3.74,0.86,0.0000,27,43,129,1630
ONSLOW,-21.649667,115.131528,AUSTRALIA,1986,2015,4.99,1.82,0.0061,45,73,216,1631
CHERRY POINT,48.863333,-122.756667,UNITED STATES,1985,2015,0.74,0.91,0.4161,29,46,137,1633
"SAND POINT, POPOF IS., AK",55.336667,-160.501667,UNITED STATES,1985,2015,1.77,0.85,0.0373,28,45,130,1634
CHESAPEAKE BAY BR. TUN.,36.966667,-76.113333,UNITED STATES,1985,2015,6.05,0.76,0.0000,26,41,121,1635
DUCK PIER OUTSIDE,36.183333,-75.746667,UNITED STATES,1985,2015,4.87,0.78,0.0000,26,42,124,1636
"BERGEN POINT, STATEN IS.",40.636667,-74.141667,UNITED STATES,1985,2015,5.08,0.87,0.0000,27,44,130,1637
"N. SPIT, HUMBOLDT BAY",40.766667,-124.216667,UNITED STATES,1985,2015,5.39,0.84,0.0000,28,44,130,1639
PORT ORFORD,42.738333,-124.498333,UNITED STATES,1985,2015,1.48,1.01,0.1428,31,52,165,1640
"PANAMA CITY, ST.ANDREWS BAY, FL",30.151667,-85.666667,UNITED STATES,1985,2015,3.22,0.57,0.0000,21,34,99,1641
BALTRA-B,-0.433333,-90.283333,ECUADOR,1986,2014,1.16,1.64,0.4794,41,66,193,1645
ISHIGAKI II,24.332222,124.163611,JAPAN,1987,2015,2.26,0.64,0.0004,21,34,100,1671
RODRIGUES IS,-19.666667,63.416667,MAURITIUS,1989,2015,5.82,1.24,0.0000,31,52,169,1672
PORT LOUIS II,-20.150000,57.500000,MAURITIUS,1987,2015,4.10,1.04,0.0001,30,50,165,1673
QUARRY BAY,22.291111,114.213333,HONG KONG,1986,2015,2.82,1.04,0.0067,31,50,149,1674
BORYEONG,36.406389,126.486111,"KOREA, REPUBLIC OF",1986,2015,5.54,0.95,0.0000,29,46,138,1675
PULAU LANGKAWI,6.430833,99.764167,MALAYSIA,1986,2015,3.67,1.01,0.0003,30,48,142,1676
KUKUP,1.325278,103.442778,MALAYSIA,1986,2015,3.57,0.75,0.0000,25,39,116,1677
PULAU TIOMAN,2.807222,104.140000,MALAYSIA,1986,2015,2.75,0.73,0.0002,24,39,119,1678
ANHEUNG,36.673611,126.132222,"KOREA, REPUBLIC OF",1989,2015,1.20,0.60,0.0455,19,30,90,1699
VACA KEY,24.711667,-81.105000,UNITED STATES,1990,2015,4.96,0.57,0.0000,18,28,82,1701
TANJUNG SEDILI,1.931667,104.115000,MALAYSIA,1987,2015,2.36,0.67,0.0004,22,35,106,1702
GETING,6.226389,102.106667,MALAYSIA,1987,2015,3.18,0.94,0.0007,28,46,141,1703
GOLD COAST SEAWAY 2,-27.950000,153.416667,AUSTRALIA,1987,2015,2.16,2.24,0.3349,53,88,269,1704
GAN II,-0.683333,73.150000,MALDIVES,1989,2014,2.86,0.68,0.0000,20,32,93,1707
KOTA KINABALU,5.983333,116.066667,MALAYSIA,1988,2015,3.69,1.01,0.0003,28,45,134,1733
TAWAU,4.233333,117.883333,MALAYSIA,1988,2015,2.97,1.66,0.0736,40,65,194,1734
XI SHA,16.833333,112.333333,CHINA,1990,2015,5.00,1.15,0.0000,29,45,134,1745
TANJONG PAGAR,1.266667,103.850000,SINGAPORE,1989,2015,3.41,1.00,0.0006,27,44,131,1746
LES SABLES D OLONNE,46.497501,-1.793730,FRANCE,1990,2015,3.34,0.98,0.0007,26,41,125,1747
TRONDHEIM 2,63.436484,10.391669,NORWAY,1990,2015,-1.57,0.94,0.0949,25,40,116,1748
VIKER,59.036046,10.949769,NORWAY,1991,2015,-0.17,1.19,0.8864,28,45,131,1759
ROSSLYN BAY,-23.161028,150.790167,AUSTRALIA,1994,2015,4.29,1.12,0.0001,24,38,115,1760
HILLARYS,-31.825556,115.738583,AUSTRALIA,1992,2015,8.15,2.21,0.0002,42,67,197,1761
L'ESTARTIT,42.050000,3.200000,SPAIN,1990,2015,3.58,0.64,0.0000,19,31,90,1764
ANABAR,73.216667,113.500000,RUSSIAN FEDERATION,1991,2013,-4.12,3.86,0.2858,58,93,274,1780
TAKAMATSU II,34.351389,134.056944,JAPAN,1992,2015,1.88,0.93,0.0432,23,36,107,1789
WORKINGTON,54.650722,-3.567167,UNITED KINGDOM,1992,2015,-4.61,1.39,0.0009,30,48,142,1794
ST HELIER (JERSEY) 2,49.183333,-2.116667,JERSEY,1993,2015,2.65,0.82,0.0012,22,32,94,1795
BECANCOUR,46.400000,-72.383333,CANADA,1993,2015,-7.50,7.35,0.3075,88,140,NaN,1798
WINTER HARBOUR,50.516667,-128.033333,CANADA,1989,2015,0.31,1.04,0.7656,28,44,129,1799
BOUCAU,43.527302,-1.514830,FRANCE,1969,2015,1.42,0.58,0.0144,31,49,144,1801
LAS PALMAS D,28.140560,-15.411810,SPAIN,1993,2015,4.43,0.94,0.0000,22,36,107,1802
LAUTOKA,-17.604917,177.438250,FIJI,1993,2015,4.96,1.40,0.0004,29,48,138,1805
BILBAO,43.351530,-3.045130,SPAIN,1993,2015,2.77,0.74,0.0002,19,30,87,1806
SANTANDER III,43.461300,-3.790760,SPAIN,1993,2015,1.56,0.75,0.0375,19,30,89,1807
LA CORUNA III,43.357310,-8.389330,SPAIN,1993,2015,3.13,1.13,0.0056,25,40,117,1808
BONANZA,36.802210,-6.338130,SPAIN,1993,2015,4.03,1.05,0.0001,23,38,110,1809
MALAGA II,36.711840,-4.417090,SPAIN,1993,2015,2.25,1.07,0.0355,24,39,117,1810
LORNE,-38.547194,143.988833,AUSTRALIA,1993,2015,0.97,0.91,0.2865,22,34,101,1836
MAJURO-C,7.106028,171.372806,MARSHALL ISLANDS,1994,2015,2.94,1.85,0.1120,33,54,158,1838
FUNAFUTI B,-8.502472,179.195167,TUVALU,1994,2015,3.54,2.07,0.0872,36,58,172,1839
PORT VILA B,-17.755333,168.307694,VANUATU,1994,2015,2.34,1.62,0.1486,31,49,146,1841
NUKU'ALOFA B,-21.136806,-175.180694,TONGA,1993,2015,7.02,1.62,0.0000,32,52,153,1842
POINT LA RUE,-4.666667,55.533333,SEYCHELLES,1993,2014,4.21,1.47,0.0042,29,46,135,1846
"VIRGINIA KEY, FL",25.730000,-80.161667,UNITED STATES,1994,2015,4.53,0.86,0.0000,20,32,92,1858
VIGO II,42.243140,-8.726000,SPAIN,1993,2015,1.90,1.07,0.0758,24,38,112,1898
BUGRINO,68.800000,49.333300,RUSSIAN FEDERATION,1963,1990,9.51,1.73,0.0000,41,65,194,2025
MYS PIKSHUEVA,69.550000,32.433300,RUSSIAN FEDERATION,1956,1990,0.54,0.88,0.5395,32,51,150,2026
POLYARNIY,69.200000,33.483300,RUSSIAN FEDERATION,1926,1990,-1.56,0.33,0.0000,30,47,139,2027
TERIBERKA,69.200000,35.116700,RUSSIAN FEDERATION,1943,1990,-0.20,0.58,0.7302,33,52,153,2028
PORT ALMA,-23.583333,150.866667,AUSTRALIA,1986,2015,2.88,0.68,0.0000,23,37,109,2072
URANGAN,-25.300000,152.916667,AUSTRALIA,1987,2015,2.33,0.88,0.0081,26,43,128,2073
BOWEN II,-20.016667,148.250000,AUSTRALIA,1987,2015,2.83,0.88,0.0013,27,43,126,2074
KALIX,65.696944,23.096111,SWEDEN,1975,2015,-5.61,1.18,0.0000,46,73,213,2101
SKAGSUDDE,63.190556,19.012500,SWEDEN,1989,2015,-7.46,2.26,0.0010,44,70,206,2102
FORSMARK,60.408611,18.210833,SWEDEN,1976,2015,-4.28,1.02,0.0000,41,65,189,2103
MARVIKEN,58.553611,16.837222,SWEDEN,1965,2015,-1.98,0.62,0.0014,37,59,172,2104
VISBY,57.639167,18.284444,SWEDEN,1916,2015,-1.13,0.21,0.0000,35,56,163,2105
OSKARSHAMN,57.275000,16.478056,SWEDEN,1961,2015,-0.40,0.51,0.4329,35,56,164,2106
SIMRISHAMN,55.557500,14.357778,SWEDEN,1983,2015,0.48,0.89,0.5897,31,49,142,2107
SKANOR,55.416667,12.829444,SWEDEN,1993,2015,4.02,1.39,0.0038,29,46,133,2108
BARSEBACK,55.756389,12.903333,SWEDEN,1937,1968,-0.11,1.22,0.9282,37,62,203,2109
VIKEN,56.142222,12.579167,SWEDEN,1977,2015,1.11,0.67,0.0976,30,48,139,2110
RINGHALS,57.249722,12.112500,SWEDEN,1968,2015,0.26,0.49,0.5957,29,47,137,2111
STENUNGSUND,58.093333,11.832500,SWEDEN,1966,2015,-0.86,0.49,0.0792,31,49,148,2112
KUNGSVIK,58.996667,11.127222,SWEDEN,1974,2015,-1.32,0.62,0.0333,31,49,143,2113
"ARENA COVE, CALIFORNIA",38.913333,-123.706667,UNITED STATES,1979,2015,0.22,0.68,0.7463,26,41,122,2125
"PORT ANGELES, WASHINGTON",48.125000,-123.440000,UNITED STATES,1976,2015,0.22,0.65,0.7350,30,47,140,2127
"KAWAIHAE,  HAWAII ISLAND",20.036667,-155.830000,UNITED STATES,1992,2015,6.22,1.27,0.0000,28,46,136,2128
GOTEBORG-RINGON,57.716667,11.966667,SWEDEN,1887,1958,-1.67,0.33,0.0000,33,55,162,2133
IQUIQUE II,-20.204444,-70.147778,CHILE,1986,2015,-0.96,0.96,0.3173,30,47,138,2261
"CAPE HATTERAS, NORTH CAROLINA",35.223333,-75.635000,UNITED STATES,1979,2002,3.57,1.17,0.0023,27,43,127,2294
"BEAUFORT, NORTH CAROLINA",34.720000,-76.670000,UNITED STATES,1973,2015,3.36,0.44,0.0000,25,40,117,2295
BRUNSWICK HEADS,-28.536811,153.552111,AUSTRALIA,1988,2015,-0.08,1.15,0.9445,31,50,150,2310
PORT MACQUARIE,-31.426792,152.910983,AUSTRALIA,1987,2015,2.68,0.67,0.0001,22,35,104,2313
PORT STEPHENS (TOMAREE),-32.714881,152.182239,AUSTRALIA,1986,2013,2.98,1.12,0.0078,30,49,147,2316
