year,month,day,tide
2005,12,8,1835
2005,12,9,1864
2005,12,10,1855
2005,12,11,1850
2005,12,12,1867
2005,12,13,1898
2005,12,14,1925
2005,12,15,1929
2005,12,16,1909
2005,12,17,1902
2005,12,18,1903
2005,12,19,1904
2005,12,20,1922
2005,12,21,1912
2005,12,22,1939
2005,12,23,1991
2005,12,24,1975
2005,12,25,1953
2005,12,26,1968
2005,12,27,1940
2005,12,28,1890
2005,12,29,1862
2005,12,30,1836
2005,12,31,1823
2006,1,1,1831
2006,1,2,1849
2006,1,3,1864
2006,1,4,1849
2006,1,5,1835
2006,1,6,1822
2006,1,7,1817
2006,1,8,1807
2006,1,9,1782
2006,1,10,1769
2006,1,11,1754
2006,1,12,1749
2006,1,13,1738
2006,1,14,1722
2006,1,15,1726
2006,1,16,1722
2006,1,17,1719
2006,1,18,1731
2006,1,19,1766
2006,1,20,1777
2006,1,21,1760
2006,1,22,1784
2006,1,23,1784
2006,1,24,1754
2006,1,25,1741
2006,1,26,1741
2006,1,27,1737
2006,1,28,1746
2006,1,29,1750
2006,1,30,1760
2006,1,31,1776
2006,2,1,1778
2006,2,2,1786
2006,2,3,1794
2006,2,4,1782
2006,2,5,1764
2006,2,6,1741
2006,2,9,1685
2006,2,10,1672
2006,2,11,1667
2006,2,12,1667
2006,2,13,1692
2006,2,14,1700
2006,2,15,1660
2006,2,16,1662
2006,2,17,1663
2006,2,18,1645
2006,2,19,1643
2006,2,20,1666
2006,2,21,1689
2006,2,22,1678
2006,2,23,1683
2006,2,24,1696
2006,2,25,1696
2006,2,26,1704
2006,2,27,1704
2006,2,28,1694
2006,3,1,1696
2006,3,2,1712
2006,3,3,1720
2006,3,4,1719
2006,3,5,1722
2006,3,6,1709
2006,3,7,1700
2006,3,8,1681
2006,3,9,1661
2006,3,10,1687
2006,3,11,1731
2006,3,12,1728
2006,3,13,1710
2006,3,14,1713
2006,3,15,1734
2006,3,16,1768
2006,3,17,1773
2006,3,18,1771
2006,3,19,1803
2006,3,20,1827
2006,3,21,1801
2006,3,22,1810
2006,3,23,1852
2006,3,24,1864
2006,3,25,1859
2006,3,26,1847
2006,3,27,1846
2006,3,28,1867
2006,3,29,1870
2006,3,30,1881
2006,3,31,1867
2006,4,1,1827
2006,4,2,1819
2006,4,3,1809
2006,4,4,1784
2006,4,5,1766
2006,4,6,1764
2006,4,7,1795
2006,4,8,1807
2006,4,9,1815
2006,4,10,1854
2006,4,11,1877
2006,4,12,1857
2006,4,18,1783
2006,4,19,1753
2006,4,20,1775
2006,4,21,1803
2006,4,22,1807
2006,4,23,1812
2006,4,24,1829
2006,5,9,1842
2006,5,10,1832
2006,5,11,1833
2006,5,12,1843
2006,5,13,1836
2006,5,14,1820
2006,5,15,1798
2006,5,16,1778
2006,5,28,1810
2006,5,29,1802
2006,5,30,1784
2006,5,31,1786
2006,6,1,1786
2006,6,2,1784
2006,6,3,1782
2006,6,4,1780
2006,8,9,1693
2006,8,10,1687
2006,8,11,1686
2006,8,12,1683
2006,8,13,1678
2006,8,14,1664
2006,8,15,1647
2006,8,16,1629
2006,8,17,1605
2006,8,18,1555
2006,9,13,1588
2006,9,14,1585
2006,9,15,1612
2006,9,16,1650
2006,9,17,1681
2006,9,18,1672
2006,9,19,1681
2006,9,20,1699
2006,9,21,1681
2006,9,22,1675
2006,9,23,1687
2006,9,24,1680
2006,9,25,1662
2006,9,26,1667
2006,9,27,1654
2006,9,28,1645
2006,9,29,1624
2006,9,30,1605
2006,10,1,1592
2006,10,2,1589
2006,10,3,1621
2006,10,4,1656
2006,10,5,1667
2006,10,6,1667
2006,10,7,1677
2006,10,8,1681
2006,10,9,1652
2006,10,10,1612
2006,10,11,1602
2006,10,12,1604
2006,10,13,1621
2006,10,14,1636
2006,10,15,1651
2006,10,16,1657
2006,10,17,1655
2006,10,18,1646
2006,10,19,1633
2006,10,20,1616
2006,10,21,1602
2006,10,22,1576
2006,10,23,1569
2006,10,24,1570
2006,10,25,1573
2006,10,26,1562
2006,10,27,1552
2006,10,28,1565
2006,10,29,1593
2006,10,30,1615
2006,10,31,1618
2006,11,1,1624
2006,11,2,1631
2006,11,3,1630
2006,11,4,1640
2006,11,5,1631
2006,11,6,1605
2006,11,7,1598
2006,11,8,1581
2006,11,9,1570
2006,11,10,1600
2006,11,11,1616
2006,11,12,1636
2006,11,13,1648
2006,11,14,1679
2006,11,15,1691
2006,11,16,1659
2006,11,17,1647
2006,11,18,1631
2006,11,19,1593
2006,11,20,1568
2006,11,21,1553
2006,11,22,1548
2006,11,23,1558
2006,11,24,1580
2006,11,25,1600
2006,11,26,1607
2006,11,27,1634
2006,11,28,1658
2006,11,29,1667
2006,11,30,1673
2006,12,1,1677
2006,12,2,1674
2006,12,3,1698
2006,12,4,1691
2006,12,5,1667
2006,12,6,1652
2006,12,7,1666
2006,12,8,1706
2006,12,9,1732
2006,12,10,1742
2006,12,11,1742
2006,12,12,1746
2006,12,13,1747
2006,12,14,1744
2006,12,15,1732
2006,12,16,1722
2006,12,17,1719
2006,12,18,1723
2006,12,19,1717
2006,12,20,1684
2006,12,21,1667
2006,12,22,1663
2006,12,23,1665
2006,12,24,1681
2006,12,25,1698
2006,12,26,1707
2006,12,27,1713
2006,12,28,1732
2006,12,29,1771
2006,12,30,1782
2006,12,31,1812
2007,1,1,1841
2007,1,2,1836
2007,1,3,1839
2007,1,4,1820
2007,1,5,1783
2007,1,6,1751
2007,1,7,1764
2007,1,8,1789
2007,1,9,1781
2007,1,10,1793
2007,1,11,1795
2007,1,12,1781
2007,1,13,1758
2007,1,14,1734
2007,1,15,1729
2007,1,16,1727
2007,1,17,1714
2007,1,18,1710
2007,1,19,1724
2007,1,20,1730
2007,1,21,1744
2007,1,22,1778
2007,1,23,1790
2007,1,24,1794
2007,1,25,1807
2007,1,26,1809
2007,1,27,1775
2007,1,28,1744
2007,1,29,1721
2007,1,30,1702
2007,1,31,1700
2007,2,1,1713
2007,2,2,1730
2007,2,3,1739
2007,2,4,1755
2007,2,5,1765
2007,2,6,1767
2007,2,7,1754
2007,2,8,1752
2007,2,9,1750
2007,2,10,1713
2007,2,11,1676
2007,2,12,1651
2007,2,13,1660
2007,2,14,1646
2007,2,15,1645
2007,2,16,1661
2007,2,17,1676
2007,2,18,1689
2007,2,19,1718
2007,2,20,1758
2007,2,21,1748
2007,2,22,1716
2007,2,23,1698
2007,2,24,1664
2007,2,25,1636
2007,2,26,1637
2007,2,27,1638
2007,2,28,1644
2007,3,1,1654
2007,3,2,1682
2007,3,3,1691
2007,3,4,1695
2007,3,5,1672
2007,3,6,1652
2007,3,7,1674
2007,3,8,1689
2007,3,9,1646
2007,3,10,1631
2007,3,11,1649
2007,3,12,1610
2007,3,13,1574
2007,3,14,1604
2007,3,15,1632
2007,3,16,1646
2007,3,17,1676
2007,3,18,1699
2007,3,19,1712
2007,3,20,1725
2007,3,21,1708
2007,3,22,1701
2007,3,23,1733
2007,3,24,1768
2007,3,25,1756
2007,3,26,1742
2007,3,27,1741
2007,3,28,1751
2007,3,29,1742
2007,3,30,1743
2007,3,31,1747
2007,4,1,1776
2007,4,2,1779
2007,4,3,1786
2007,4,4,1827
2007,4,5,1842
2007,4,6,1838
2007,4,7,1805
2007,4,8,1786
2007,4,9,1798
2007,4,10,1826
2007,4,11,1858
2007,4,12,1876
2007,4,13,1886
2007,4,14,1922
2007,4,15,1957
2007,4,16,1980
2007,4,17,1978
2007,4,18,1942
2007,4,19,1900
2007,4,20,1882
2007,4,21,1870
2007,4,22,1867
2007,4,23,1886
2007,4,24,1903
2007,4,25,1943
2007,4,26,1975
2007,4,27,1974
2007,4,28,1956
2007,4,29,1924
2007,4,30,1888
2007,5,1,1877
2007,5,2,1890
2007,5,3,1886
2007,5,4,1876
2007,5,5,1893
2007,5,6,1897
2007,5,7,1901
2007,5,8,1908
2007,5,9,1926
2007,5,10,1932
2007,5,11,1949
2007,5,12,1962
2007,5,13,1971
2007,5,14,1967
2007,5,15,1953
2007,5,16,1914
2007,5,17,1882
2007,5,18,1866
2007,5,19,1843
2007,5,20,1837
2007,5,21,1831
2007,5,22,1833
2007,5,23,1842
2007,5,24,1829
2007,5,25,1811
2007,5,26,1796
2007,5,27,1782
2007,5,28,1745
2007,5,29,1742
2007,5,30,1745
2007,5,31,1756
2007,6,1,1769
2007,6,2,1774
2007,6,3,1746
2007,6,4,1729
2007,6,5,1723
2007,6,6,1724
2007,6,7,1755
2007,6,8,1772
2007,6,9,1792
2007,6,10,1796
2007,6,11,1789
2007,6,12,1789
2007,6,13,1782
2007,6,14,1753
2007,6,15,1721
2007,6,16,1729
2007,6,17,1764
2007,6,18,1818
2007,6,19,1838
2007,6,20,1852
2007,6,21,1875
2007,6,22,1870
2007,6,23,1868
2007,6,24,1859
2007,6,25,1839
2007,6,26,1803
2007,6,27,1749
2007,6,28,1716
2007,6,29,1691
2007,6,30,1675
2007,7,1,1663
2007,7,2,1680
2007,7,3,1706
2007,7,4,1731
2007,7,5,1754
2007,7,6,1774
2007,7,7,1773
2007,7,8,1775
2007,7,9,1771
2007,7,10,1764
2007,7,11,1740
2007,7,12,1745
2007,7,13,1733
2007,7,14,1702
2007,7,15,1710
2007,7,16,1731
2007,7,17,1715
2007,7,18,1719
2007,7,19,1771
2007,7,20,1784
2007,7,21,1801
2007,7,22,1818
2007,7,23,1828
2007,7,24,1851
2007,7,25,1869
2007,7,26,1849
2007,7,27,1821
2007,7,28,1798
2007,7,29,1787
2007,7,30,1825
2007,7,31,1825
2007,8,1,1803
2007,8,2,1825
2007,8,3,1852
2007,8,4,1811
2007,8,5,1767
2007,8,6,1764
2007,8,7,1780
2007,8,8,1737
2007,8,9,1746
2007,8,10,1767
2007,8,11,1779
2007,8,12,1804
2007,8,13,1765
2007,8,14,1716
2007,8,15,1711
2007,8,16,1738
2007,8,17,1763
2007,8,18,1742
2007,8,19,1718
2007,8,20,1716
2007,8,21,1712
2007,8,22,1711
2007,8,23,1684
2007,8,24,1670
2007,8,25,1665
2007,8,26,1705
2007,8,27,1739
2007,8,28,1739
2007,8,29,1746
2007,8,30,1779
2007,8,31,1764
2007,9,1,1728
2007,9,2,1688
2007,9,3,1628
2007,9,4,1638
2007,9,5,1661
2007,9,6,1700
2007,9,7,1711
2007,9,8,1719
2007,9,9,1746
2007,9,10,1720
2007,9,11,1701
2007,9,12,1715
2007,9,13,1728
2007,9,14,1707
2007,9,15,1694
2007,9,16,1662
2007,9,17,1653
2007,9,18,1711
2007,9,19,1726
2007,9,20,1726
2007,9,21,1754
2007,9,22,1773
2007,9,23,1790
2007,9,24,1805
2007,9,25,1806
2007,9,26,1810
2007,9,27,1792
2007,9,28,1778
2007,9,29,1756
2007,9,30,1730
2007,10,1,1719
2007,10,2,1711
2007,10,3,1713
2007,10,4,1713
2007,10,5,1695
2007,10,6,1710
2007,10,7,1703
2007,10,8,1710
2007,10,9,1726
2007,10,10,1735
2007,10,11,1752
2007,10,12,1759
2007,10,13,1756
2007,10,14,1743
2007,10,15,1749
2007,10,16,1764
2007,10,17,1804
2007,10,18,1840
2007,10,19,1842
2007,10,20,1852
2007,10,21,1882
2007,10,22,1887
2007,10,23,1905
2007,10,24,1925
2007,10,25,1917
2007,10,26,1939
2007,10,27,1954
2007,10,28,1919
2007,10,29,1899
2007,10,30,1910
2007,10,31,1940
2007,11,1,1955
2007,11,2,1985
2007,11,3,2012
2007,11,4,2007
2007,11,5,2004
2007,11,6,2012
2007,11,7,2022
2007,11,8,2023
2007,11,9,2042
2007,11,10,2042
2007,11,11,2034
2007,11,12,2077
2007,11,13,2098
2007,11,14,2083
2007,11,15,2083
2007,11,16,2067
2007,11,17,2052
2007,11,18,2052
2007,11,19,2030
2007,11,20,1990
2007,11,21,1958
2007,11,22,1926
2007,11,23,1894
2007,11,24,1859
2007,11,25,1858
2007,11,26,1860
2007,11,27,1873
2007,11,28,1870
2007,11,29,1897
2007,11,30,1914
2007,12,1,1912
2007,12,2,1896
2007,12,3,1892
2007,12,4,1881
2007,12,5,1860
2007,12,6,1867
2007,12,7,1886
2007,12,8,1865
2007,12,9,1847
2007,12,10,1847
2007,12,11,1852
2007,12,12,1854
2007,12,13,1863
2007,12,14,1895
2007,12,15,1944
2007,12,16,1979
2007,12,17,2014
2007,12,18,2040
2007,12,19,2011
2007,12,20,1954
2007,12,21,1921
2007,12,22,1887
2007,12,23,1888
2007,12,24,1912
2007,12,25,1926
2007,12,26,1957
2007,12,27,2021
2007,12,28,2058
2007,12,29,2060
2007,12,30,2064
2007,12,31,2067
2008,1,1,2059
2008,1,2,2044
2008,1,3,2001
2008,1,4,1966
2008,1,5,1909
2008,1,6,1892
2008,1,7,1893
2008,1,8,1861
2008,1,9,1843
2008,1,10,1856
2008,1,11,1852
2008,1,12,1857
2008,1,13,1868
2008,1,14,1825
2008,1,15,1811
2008,1,16,1819
2008,1,17,1794
2008,1,18,1764
2008,1,19,1774
2008,1,20,1803
2008,1,21,1818
2008,1,22,1832
2008,1,23,1824
2008,1,24,1808
2008,1,25,1789
2008,1,26,1773
2008,1,27,1751
2008,1,28,1737
2008,1,29,1744
2008,1,30,1754
2008,1,31,1780
2008,2,1,1815
2008,2,2,1841
2008,2,3,1849
2008,2,4,1882
2008,2,5,1897
2008,2,6,1878
2008,2,7,1858
2008,2,8,1853
2008,2,9,1872
2008,2,10,1890
2008,2,11,1903
2008,2,12,1919
2008,2,13,1910
2008,2,14,1890
2008,2,15,1866
2008,2,16,1843
2008,2,17,1818
2008,2,18,1821
2008,2,19,1831
2008,2,20,1841
2008,2,21,1850
2008,2,22,1863
2008,2,23,1887
2008,2,24,1884
2008,2,25,1856
2008,2,26,1856
2008,2,27,1831
2008,2,28,1817
2008,2,29,1809
2008,3,1,1811
2008,3,2,1805
2008,3,3,1805
2008,3,4,1838
2008,3,5,1861
2008,3,6,1887
2008,3,7,1919
2008,3,8,1928
2008,3,9,1921
2008,3,10,1892
2008,3,11,1885
2008,3,12,1874
2008,3,13,1873
2008,3,14,1870
2008,3,15,1884
2008,3,16,1928
2008,3,17,1936
2008,3,18,1932
2008,3,19,1937
2008,3,20,1945
2008,3,21,1937
2008,3,22,1955
2008,3,23,1980
2008,3,24,1970
2008,3,25,1958
2008,3,26,1945
2008,3,27,1939
2008,3,28,1918
2008,3,29,1900
2008,3,30,1913
2008,3,31,1870
2008,4,1,1860
2008,4,2,1918
2008,4,3,1929
2008,4,4,1904
2008,4,5,1925
2008,4,6,1963
2008,4,7,1944
2008,4,8,1921
2008,4,9,1915
2008,4,10,1868
2008,4,11,1831
2008,4,12,1849
2008,4,13,1873
2008,4,14,1886
2008,4,15,1895
2008,4,16,1920
2008,4,17,1930
2008,4,18,1940
2008,4,19,1943
2008,4,20,1947
2008,4,21,1966
2008,4,22,1979
2008,4,23,1983
2008,4,24,1966
2008,4,25,1945
2008,4,26,1950
2008,4,27,2032
2008,4,28,2060
2008,4,29,2006
2008,4,30,2000
2008,5,1,2035
2008,5,2,1971
2008,5,3,1915
2008,5,4,1935
2008,5,5,1919
2008,5,6,1860
2008,5,7,1856
2008,5,8,1859
2008,5,9,1830
2008,5,10,1814
2008,5,11,1837
2008,5,12,1844
2008,5,13,1817
2008,5,20,1798
2008,5,21,1804
2008,5,22,1823
2008,5,23,1836
2008,5,24,1825
2008,5,25,1798
2008,5,26,1793
2008,5,27,1797
2008,5,28,1816
2008,5,29,1822
2008,5,30,1800
2008,5,31,1787
2008,6,1,1783
2008,6,2,1746
2008,6,3,1711
2008,6,4,1704
2008,6,5,1774
2008,6,6,1780
2008,6,7,1730
2008,6,8,1765
2008,6,9,1759
2008,6,10,1750
2008,6,11,1749
2008,6,12,1745
2008,6,13,1756
2008,6,14,1742
2008,6,15,1731
2008,6,16,1746
2008,6,17,1743
2008,6,18,1719
2008,6,19,1722
2008,6,20,1731
2008,6,21,1734
2008,6,22,1736
2008,6,23,1726
2008,6,24,1718
2008,6,25,1720
2008,6,26,1717
2008,6,27,1716
2008,6,28,1741
2008,6,29,1736
2008,6,30,1710
2008,7,1,1705
2008,7,2,1693
2008,7,3,1701
2008,7,4,1747
2008,7,5,1773
2008,7,6,1775
2008,7,7,1740
2008,7,8,1711
2008,7,9,1692
2008,7,10,1656
2008,7,11,1696
2008,7,12,1719
2008,7,13,1694
2008,7,14,1675
2008,7,15,1715
2008,7,16,1745
2008,7,17,1734
2008,7,18,1737
2008,7,19,1775
2008,7,20,1803
2008,7,21,1838
2008,7,22,1872
2008,7,23,1899
2008,7,24,1886
2008,7,25,1865
2008,7,26,1860
2008,7,27,1836
2008,7,28,1820
2008,7,29,1837
2008,7,30,1857
2008,7,31,1886
2008,8,1,1917
2008,8,2,1927
2008,8,3,1907
2008,8,4,1893
2008,8,5,1881
2008,8,6,1855
2008,8,7,1805
2008,8,8,1775
2008,8,9,1765
2008,8,10,1773
2008,8,11,1777
2008,8,12,1793
2008,8,13,1820
2008,8,14,1839
2008,8,15,1839
2008,8,16,1842
2008,8,17,1830
2008,8,18,1828
2008,8,19,1835
2008,8,20,1807
2008,8,21,1780
2008,8,22,1777
2008,8,23,1770
2008,8,24,1743
2008,8,25,1751
2008,8,26,1789
2008,8,27,1814
2008,8,28,1812
2008,8,29,1821
2008,8,30,1831
2008,8,31,1846
2008,9,1,1866
2008,9,2,1878
2008,9,3,1904
2008,9,4,1907
2008,9,5,1902
2008,9,6,1880
2008,9,7,1870
2008,9,8,1866
2008,9,9,1839
2008,9,10,1820
2008,9,11,1843
2008,9,12,1842
2008,9,13,1850
2008,9,14,1887
2008,9,15,1891
2008,9,16,1868
2008,9,17,1852
2008,9,18,1844
2008,9,19,1860
2008,9,20,1856
2008,9,21,1836
2008,9,22,1820
2008,9,23,1809
2008,9,24,1806
2008,9,25,1817
2008,9,26,1825
2008,9,27,1829
2008,9,28,1823
2008,9,29,1820
2008,9,30,1803
2008,10,1,1791
2008,10,2,1776
2008,10,3,1769
2008,10,4,1795
2008,10,5,1818
2008,10,6,1817
2008,10,7,1811
2008,10,8,1840
2008,10,9,1836
2008,10,10,1831
2008,10,11,1862
2008,10,12,1889
2008,10,13,1904
2008,10,14,1919
2008,10,15,1920
2008,10,16,1909
2008,10,17,1895
2008,10,18,1873
2008,10,19,1870
2008,10,20,1890
2008,10,21,1920
2008,10,22,1932
2008,10,23,1939
2008,10,24,1962
2008,10,25,1999
2008,10,26,2015
2008,10,27,2017
2008,10,28,2024
2008,10,29,2003
2008,10,30,1958
2008,10,31,1926
2008,11,1,1910
2008,11,2,1918
2008,11,3,1969
2008,11,4,1996
2008,11,5,2005
2008,11,6,2015
2008,11,7,2004
2008,11,8,1979
2008,11,9,1964
2008,11,10,1969
2008,11,11,1964
2008,11,12,1951
2008,11,13,1922
2008,11,14,1902
2008,11,15,1906
2008,11,16,1915
2008,11,17,1935
2008,11,18,1975
2008,11,19,2015
2008,11,20,2037
2008,11,21,2019
2008,11,22,2002
2008,11,23,2005
2008,11,24,1984
2008,11,25,2007
2008,11,26,2061
2008,11,27,2064
2008,11,28,2055
2008,11,29,2053
2008,11,30,2035
2008,12,1,1999
2008,12,2,1984
2008,12,3,1969
2008,12,4,1949
2008,12,5,1954
2008,12,6,1974
2008,12,7,1977
2008,12,8,1988
2008,12,9,2021
2008,12,10,2036
2008,12,11,1990
2008,12,12,1941
2008,12,13,1929
2008,12,14,1913
2008,12,15,1920
2008,12,16,1918
2008,12,17,1919
2008,12,18,1924
2008,12,19,1939
2008,12,20,1936
2008,12,21,1930
2008,12,22,1931
2008,12,23,1933
2008,12,24,1925
2008,12,25,1908
2008,12,26,1892
2008,12,27,1883
2008,12,28,1894
2008,12,29,1879
2008,12,30,1854
2008,12,31,1861
2009,1,1,1892
2009,1,2,1915
2009,1,3,1900
2009,1,4,1887
2009,1,5,1866
2009,1,6,1822
2009,1,7,1801
2009,1,8,1798
2009,1,9,1787
2009,1,10,1757
2009,1,11,1767
2009,1,12,1789
2009,1,13,1786
2009,1,14,1794
2009,1,15,1798
2009,1,16,1759
2009,1,17,1738
2009,1,18,1731
2009,1,19,1721
2009,1,20,1701
2009,1,21,1698
2009,1,22,1707
2009,1,23,1746
2009,1,24,1764
2009,1,25,1790
2009,1,26,1802
2009,1,27,1797
2009,1,28,1779
2009,1,29,1726
2009,1,30,1711
2009,1,31,1727
2009,2,1,1716
2009,2,2,1703
2009,2,3,1709
2009,2,4,1726
2009,2,5,1740
2009,2,6,1751
2009,2,7,1768
2009,2,8,1768
2009,2,9,1757
2009,2,10,1772
2009,2,11,1766
2009,2,12,1740
2009,2,13,1758
2009,2,14,1781
2009,2,15,1777
2009,2,16,1790
2009,2,17,1817
2009,2,18,1818
2009,2,19,1812
2009,2,20,1831
2009,2,21,1823
2009,2,22,1812
2009,2,23,1829
2009,2,24,1826
2009,2,25,1820
2009,2,26,1813
2009,2,27,1800
2009,2,28,1800
2009,3,1,1799
2009,3,2,1798
2009,3,3,1805
2009,3,4,1795
2009,3,5,1749
2009,3,6,1755
2009,3,7,1782
2009,3,8,1781
2009,3,9,1775
2009,3,10,1780
2009,3,11,1783
2009,3,12,1785
2009,3,13,1785
2009,3,14,1805
2009,3,15,1801
2009,3,16,1782
2009,3,17,1779
2009,3,18,1772
2009,3,19,1764
2009,3,20,1747
2009,3,21,1751
2009,3,22,1784
2009,3,23,1795
2009,3,24,1814
2009,3,25,1837
2009,3,26,1827
2009,3,27,1822
2009,3,28,1831
2009,3,29,1841
2009,3,30,1810
2009,3,31,1818
2009,4,1,1826
2009,4,2,1816
2009,4,3,1804
2009,4,4,1808
2009,4,5,1815
2009,4,6,1817
2009,4,7,1844
2009,4,8,1867
2009,4,9,1857
2009,4,10,1838
2009,4,11,1826
2009,4,12,1813
2009,4,13,1821
2009,4,14,1823
2009,4,15,1807
2009,4,16,1817
2009,4,17,1849
2009,4,18,1881
2009,4,19,1933
2009,4,20,1969
2009,4,21,1964
2009,4,22,1948
2009,4,23,1965
2009,4,24,1947
2009,4,25,1950
2009,4,26,1958
2009,4,27,1953
2009,4,28,1938
2009,4,29,1917
2009,4,30,1875
2009,5,1,1806
2009,5,2,1780
2009,5,3,1766
2009,5,4,1794
2009,5,5,1806
2009,5,6,1793
2009,5,7,1802
2009,5,8,1787
2009,5,9,1781
2009,5,10,1778
2009,5,11,1758
2009,5,12,1784
2009,5,13,1811
2009,5,14,1817
2009,5,18,1937
2009,5,19,1940
2009,5,20,1925
2009,5,21,1919
2009,5,22,1932
2009,5,23,1923
2009,5,24,1905
2009,5,25,1892
2009,5,26,1872
2009,5,27,1880
2009,5,28,1878
2009,5,29,1880
2009,5,30,1896
2009,5,31,1911
2009,6,1,1901
2009,6,2,1892
2009,6,3,1882
2009,6,4,1883
2009,6,5,1892
2009,6,6,1885
2009,6,7,1870
2009,6,8,1858
2009,6,9,1855
2009,6,10,1859
2009,6,11,1894
2009,6,12,1922
2009,6,13,1908
2009,6,14,1893
2009,6,15,1876
2009,6,16,1856
2009,6,17,1844
2009,6,18,1854
2009,6,19,1855
2009,6,20,1832
2009,6,21,1808
2009,6,22,1784
2009,6,23,1775
2009,6,24,1797
2009,6,25,1797
2009,6,26,1794
2009,6,27,1792
2009,6,28,1791
2009,6,29,1807
2009,6,30,1828
2009,7,1,1811
2009,7,2,1787
2009,7,3,1789
2009,7,4,1771
2009,7,5,1743
2009,7,6,1753
2009,7,7,1765
2009,7,8,1731
2009,7,9,1735
2009,7,10,1754
2009,7,11,1760
2009,7,12,1766
2009,7,13,1781
2009,7,14,1759
2009,7,15,1746
2009,7,16,1760
2009,7,17,1773
2009,7,18,1767
2009,7,19,1759
2009,7,20,1740
2009,7,21,1711
2009,7,22,1709
2009,7,23,1722
2009,7,24,1721
2009,7,25,1726
2009,7,26,1757
2009,7,27,1775
2009,7,28,1719
2009,7,29,1692
2009,7,30,1732
2009,7,31,1734
2009,8,1,1706
2009,8,2,1698
2009,8,3,1694
2009,8,4,1679
2009,8,5,1667
2009,8,6,1679
2009,8,7,1691
2009,8,8,1726
2009,8,9,1767
2009,8,10,1789
2009,8,11,1807
2009,8,12,1809
2009,8,13,1810
2009,8,14,1804
2009,8,15,1803
2009,8,16,1807
2009,8,17,1818
2009,8,18,1838
2009,8,19,1861
2009,8,20,1894
2009,8,21,1894
2009,8,22,1871
2009,8,23,1861
2009,8,24,1855
2009,8,25,1851
2009,8,26,1845
2009,8,27,1818
2009,8,28,1812
2009,8,29,1819
2009,8,30,1807
2009,8,31,1796
2009,9,1,1785
2009,9,2,1787
2009,9,3,1789
2009,9,4,1778
2009,9,5,1784
2009,9,6,1794
2009,9,7,1809
2009,9,8,1803
2009,9,9,1797
2009,9,10,1800
2009,9,11,1771
2009,9,12,1754
2009,9,13,1789
2009,9,14,1811
2009,9,15,1831
2009,9,16,1868
2009,9,17,1878
2009,9,18,1876
2009,9,19,1878
2009,9,20,1903
2009,9,21,1937
2009,9,22,1928
2009,9,23,1899
2009,9,24,1867
2009,9,25,1840
2009,9,26,1827
2009,9,27,1819
2009,9,28,1835
2009,9,29,1858
2009,9,30,1861
2009,10,1,1870
2009,10,2,1895
2009,10,3,1893
2009,10,4,1863
2009,10,5,1853
2009,10,6,1850
2009,10,7,1851
2009,10,8,1867
2009,10,9,1858
2009,10,10,1830
2009,10,11,1822
2009,10,12,1841
2009,10,13,1863
2009,10,14,1865
2009,10,15,1891
2009,10,16,1919
2009,10,17,1901
2009,10,18,1875
2009,10,19,1860
2009,10,20,1827
2009,10,21,1778
2009,10,22,1762
2009,10,23,1772
2009,10,24,1770
2009,10,25,1785
2009,10,26,1799
2009,10,27,1791
2009,10,28,1803
2009,10,29,1810
2009,10,30,1807
2009,10,31,1841
2009,11,1,1852
2009,11,2,1825
2009,11,3,1822
2009,11,4,1791
2009,11,5,1758
2009,11,6,1779
2009,11,7,1802
2009,11,8,1811
2009,11,9,1826
2009,11,10,1832
2009,11,11,1822
2009,11,12,1828
2009,11,13,1865
2009,11,14,1880
2009,11,15,1881
2009,11,16,1891
2009,11,17,1880
2009,11,18,1872
2009,11,19,1916
2009,11,20,1962
2009,11,21,2013
2009,11,22,2049
2009,11,23,2080
2009,11,24,2076
2009,11,25,2045
2009,11,26,2015
2009,11,27,1999
2009,11,28,1965
2009,11,29,1924
2009,11,30,1905
2009,12,1,1897
2009,12,2,1906
2009,12,3,1912
2009,12,4,1916
2009,12,5,1908
2009,12,6,1890
2009,12,7,1878
2009,12,8,1880
2009,12,9,1877
2009,12,10,1861
2009,12,11,1869
2009,12,12,1869
2009,12,13,1832
2009,12,14,1801
2009,12,15,1805
2009,12,16,1812
2009,12,17,1799
2009,12,18,1792
2009,12,19,1806
2009,12,20,1815
2009,12,21,1811
2009,12,22,1827
2009,12,23,1849
2009,12,24,1836
2009,12,25,1819
2009,12,26,1814
2009,12,27,1814
2009,12,28,1814
2009,12,29,1823
2009,12,30,1840
2009,12,31,1864
2010,1,1,1899
2010,1,2,1889
2010,1,3,1879
2010,1,4,1923
2010,1,5,1932
2010,1,6,1901
2010,1,7,1870
2010,1,8,1867
2010,1,9,1860
2010,1,10,1825
2010,1,11,1820
2010,1,12,1826
2010,1,13,1810
2010,1,14,1820
2010,1,15,1857
2010,1,16,1855
2010,1,17,1805
2010,1,18,1793
2010,1,19,1795
2010,1,20,1787
2010,1,21,1767
2010,1,22,1774
2010,1,23,1782
2010,1,24,1766
2010,1,25,1754
2010,1,26,1746
2010,1,27,1734
2010,1,28,1714
2010,1,29,1712
2010,1,30,1733
2010,1,31,1725
2010,2,1,1700
2010,2,2,1691
2010,2,3,1700
2010,2,4,1701
2010,2,5,1661
2010,2,6,1645
2010,2,7,1645
2010,2,8,1652
2010,2,9,1649
2010,2,10,1642
2010,2,11,1644
2010,2,12,1639
2010,2,13,1666
2010,2,14,1686
2010,2,15,1682
2010,2,16,1711
2010,2,17,1726
2010,2,18,1705
2010,2,19,1685
2010,2,20,1683
2010,2,21,1679
2010,2,22,1680
2010,2,23,1694
2010,2,24,1698
2010,2,25,1719
2010,2,26,1743
2010,2,27,1760
2010,2,28,1765
2010,3,1,1772
2010,3,2,1769
2010,3,3,1739
2010,3,4,1731
2010,3,5,1715
2010,3,6,1696
2010,3,7,1696
2010,3,8,1724
2010,3,9,1738
2010,3,10,1780
2010,3,11,1806
2010,3,12,1768
2010,3,13,1753
2010,3,14,1761
2010,3,15,1755
2010,3,16,1758
2010,3,17,1760
2010,3,18,1766
2010,3,19,1771
2010,3,20,1781
2010,3,21,1792
2010,3,22,1783
2010,3,23,1750
2010,3,24,1767
2010,3,25,1801
2010,3,26,1815
2010,3,27,1822
2010,3,28,1852
2010,3,29,1853
2010,3,30,1866
2010,3,31,1893
2010,4,1,1895
2010,4,2,1882
2010,4,3,1887
2010,4,4,1905
2010,4,5,1905
2010,4,6,1891
2010,4,7,1851
2010,4,8,1839
2010,4,9,1882
2010,4,10,1895
2010,4,11,1871
2010,4,12,1901
2010,4,13,1911
2010,4,14,1903
2010,4,15,1899
2010,4,16,1908
2010,4,17,1896
2010,4,18,1878
2010,4,19,1891
2010,4,20,1880
2010,4,21,1848
2010,4,22,1843
2010,4,23,1858
2010,4,24,1875
2010,4,25,1876
2010,4,26,1886
2010,4,27,1894
2010,4,28,1877
2010,4,29,1866
2010,4,30,1867
2010,5,1,1860
2010,5,2,1858
2010,5,3,1856
2010,5,4,1872
2010,5,5,1888
2010,5,6,1904
2010,5,7,1916
2010,5,8,1904
2010,5,9,1900
2010,5,10,1908
2010,5,11,1901
2010,5,12,1893
2010,5,13,1890
2010,5,14,1881
2010,5,15,1905
2010,5,16,1952
2010,5,17,1977
2010,5,18,2023
2010,5,19,2069
2010,5,20,2090
2010,5,21,2124
2010,5,22,2124
2010,5,23,2092
2010,5,24,2071
2010,5,25,2026
2010,5,26,1948
2010,5,27,1904
2010,5,28,1883
2010,5,29,1853
2010,5,30,1839
2010,5,31,1847
2010,6,1,1840
2010,6,2,1830
2010,6,3,1844
2010,6,4,1865
2010,6,5,1861
2010,6,6,1852
2010,6,7,1817
2010,6,8,1807
2010,6,9,1854
2010,6,10,1886
2010,6,11,1895
2010,6,12,1933
2010,6,13,1943
2010,6,14,1919
2010,6,15,1917
2010,6,16,1909
2010,6,17,1854
2010,6,18,1829
2010,6,19,1841
2010,6,20,1836
2010,6,21,1814
2010,6,22,1807
2010,6,23,1804
2010,6,24,1803
2010,6,25,1807
2010,6,26,1826
2010,6,27,1833
2010,6,28,1837
2010,6,29,1852
2010,6,30,1863
2010,7,1,1858
2010,7,2,1864
2010,7,3,1899
2010,7,4,1945
2010,7,5,1981
2010,7,6,1992
2010,7,7,1953
2010,7,8,1889
2010,7,9,1852
2010,7,10,1835
2010,7,11,1811
2010,7,12,1797
2010,7,13,1796
2010,7,14,1823
2010,7,15,1868
2010,7,16,1891
2010,7,17,1929
2010,7,18,1973
2010,7,19,1961
2010,7,20,1949
2010,7,21,1966
2010,7,22,1952
2010,7,23,1930
2010,7,24,1926
2010,7,25,1911
2010,7,26,1895
2010,7,27,1876
2010,7,28,1869
2010,7,29,1890
2010,7,30,1886
2010,7,31,1874
2010,8,1,1868
2010,8,2,1870
2010,8,3,1846
2010,8,4,1805
2010,8,5,1802
2010,8,6,1797
2010,8,7,1791
2010,8,8,1810
2010,8,9,1826
2010,8,10,1848
2010,8,11,1873
2010,8,12,1890
2010,8,13,1889
2010,8,14,1881
2010,8,15,1885
2010,8,16,1915
2010,8,17,1931
2010,8,18,1967
2010,8,19,1990
2010,8,20,1992
2010,8,21,2013
2010,8,22,2022
2010,8,23,2020
2010,8,24,2008
2010,8,25,1979
2010,8,26,1997
2010,8,27,1980
2010,8,28,1976
2010,8,29,1981
2010,8,30,1963
2010,8,31,1941
2010,9,1,1911
2010,9,2,1899
2010,9,3,1904
2010,9,4,1901
2010,9,5,1910
2010,9,6,1923
2010,9,7,1904
2010,9,8,1895
2010,9,9,1928
2010,9,10,1939
2010,9,11,1919
2010,9,12,1915
2010,9,13,1883
2010,9,14,1851
2010,9,15,1838
2010,9,16,1824
2010,9,17,1839
2010,9,18,1831
2010,9,19,1819
2010,9,20,1842
2010,9,21,1892
2010,9,22,1934
2010,9,23,1950
2010,9,24,1965
2010,9,25,1977
2010,9,26,1977
2010,9,27,1987
2010,9,28,1985
2010,9,29,1990
2010,9,30,1997
2010,10,1,2008
2010,10,2,2027
2010,10,3,2051
2010,10,4,2050
2010,10,5,2043
2010,10,6,2050
2010,10,7,2074
2010,10,8,2100
2010,10,9,2093
2010,10,10,2102
2010,10,11,2119
2010,10,12,2085
2010,10,13,2058
2010,10,14,2047
2010,10,15,2033
2010,10,16,2037
2010,10,17,2059
2010,10,18,2032
2010,10,19,2012
2010,10,20,2021
2010,10,21,2013
2010,10,22,2001
2010,10,23,1983
2010,10,24,1970
2010,10,25,1963
2010,10,26,1977
2010,10,27,2019
2010,10,28,2037
2010,10,29,2013
2010,10,30,2019
2010,10,31,2027
2010,11,1,2027
2010,11,2,2048
2010,11,3,2074
2010,11,4,2083
2010,11,5,2063
2010,11,6,2023
2010,11,7,1996
2010,11,8,1967
2010,11,9,1970
2010,11,10,1991
2010,11,11,1988
2010,11,12,1966
2010,11,13,1984
2010,11,14,2010
2010,11,15,1999
2010,11,16,1984
2010,11,17,1957
2010,11,18,1946
2010,11,19,1959
2010,11,20,1951
2010,11,21,1961
2010,11,22,1964
2010,11,23,1941
2010,11,24,1941
2010,11,25,1952
2010,11,26,2003
2010,11,27,2033
2010,11,28,2048
2010,11,29,2075
2010,11,30,2081
2010,12,1,2064
2010,12,2,2055
2010,12,3,2022
2010,12,4,1987
2010,12,5,1976
2010,12,6,1975
2010,12,7,1993
2010,12,8,2014
2010,12,9,2038
2010,12,10,2049
2010,12,11,2030
2010,12,12,2023
2010,12,13,2016
2010,12,14,1990
2010,12,15,1967
2010,12,16,1959
2010,12,17,1987
2010,12,18,1997
2010,12,19,1973
2010,12,20,1961
2010,12,21,1963
2010,12,22,1945
2010,12,23,1932
2010,12,24,1943
2010,12,25,1936
2010,12,26,1915
2010,12,27,1929
2010,12,28,1955
2010,12,29,1969
2010,12,30,1990
2010,12,31,1989
2011,1,1,1976
2011,1,2,1964
2011,1,3,1958
2011,1,4,1953
2011,1,5,1955
2011,1,6,1927
2011,1,7,1922
2011,1,8,1935
2011,1,9,1948
2011,1,10,1970
2011,1,11,1970
2011,1,12,1961
2011,1,13,1950
2011,1,14,1922
2011,1,15,1910
2011,1,16,1898
2011,1,17,1884
2011,1,18,1877
2011,1,19,1867
2011,1,20,1882
2011,1,21,1882
2011,1,22,1881
2011,1,23,1877
2011,1,24,1857
2011,1,25,1850
2011,1,26,1828
2011,1,27,1803
2011,1,28,1790
2011,1,29,1772
2011,1,30,1760
2011,1,31,1768
2011,2,1,1766
2011,2,2,1758
2011,2,3,1766
2011,2,4,1780
2011,2,5,1793
2011,2,6,1810
2011,2,7,1836
2011,2,8,1833
2011,2,9,1815
2011,2,10,1782
2011,2,11,1766
2011,2,12,1785
2011,2,13,1820
2011,2,14,1823
2011,2,15,1860
2011,2,16,1891
2011,2,17,1886
2011,2,18,1875
2011,2,19,1874
2011,2,20,1843
2011,2,21,1817
2011,2,22,1813
2011,2,23,1781
2011,2,24,1759
2011,2,25,1758
2011,2,26,1756
2011,2,27,1757
2011,2,28,1772
2011,3,1,1792
2011,3,2,1809
2011,3,3,1822
2011,3,4,1832
2011,3,5,1824
2011,3,6,1819
2011,3,7,1798
2011,3,8,1784
2011,3,9,1796
2011,3,10,1794
2011,3,11,1797
2011,3,12,1821
2011,3,13,1848
2011,3,14,1852
2011,3,15,1845
2011,3,16,1846
2011,3,17,1857
2011,3,18,1843
2011,3,19,1833
2011,3,20,1846
2011,3,21,1830
2011,3,22,1800
2011,3,23,1817
2011,3,24,1824
2011,3,25,1808
2011,3,26,1829
2011,3,27,1851
2011,3,28,1847
2011,3,29,1845
2011,3,30,1864
2011,3,31,1870
2011,4,1,1875
2011,4,2,1884
2011,4,3,1887
2011,4,4,1895
2011,4,5,1887
2011,4,6,1897
2011,4,7,1898
2011,4,8,1856
2011,4,9,1828
2011,4,10,1810
2011,4,11,1813
2011,4,12,1815
2011,4,13,1819
2011,4,14,1835
2011,4,15,1837
2011,4,16,1844
2011,4,17,1858
2011,4,18,1837
2011,4,19,1815
2011,4,20,1818
2011,4,21,1819
2011,4,22,1798
2011,4,23,1795
2011,4,24,1812
2011,4,25,1805
2011,4,26,1793
2011,4,27,1810
2011,4,28,1823
2011,4,29,1817
2011,4,30,1811
2011,5,1,1841
2011,5,2,1860
2011,5,3,1875
2011,5,4,1888
2011,5,5,1914
2011,5,6,1919
2011,5,7,1936
2011,5,8,1955
2011,5,9,1970
2011,5,10,1972
2011,5,11,1963
2011,5,12,1971
2011,5,13,1989
2011,5,14,1971
2011,5,15,1948
2011,5,16,1935
2011,5,17,1910
2011,5,18,1879
2011,5,19,1838
2011,5,20,1814
2011,5,21,1812
2011,5,22,1805
2011,5,23,1805
2011,5,24,1798
2011,5,25,1791
2011,5,26,1816
2011,5,27,1826
2011,5,28,1809
2011,5,29,1804
2011,5,30,1810
2011,5,31,1815
2011,6,1,1829
2011,6,2,1848
2011,6,3,1865
2011,6,4,1880
2011,6,5,1886
2011,6,6,1892
2011,6,7,1911
2011,6,8,1933
2011,6,9,1918
2011,6,10,1890
2011,6,11,1880
2011,6,12,1848
2011,6,13,1811
2011,6,14,1799
2011,6,15,1790
2011,6,16,1764
2011,6,17,1754
2011,6,18,1773
2011,6,19,1789
2011,6,20,1774
2011,6,21,1766
2011,6,22,1740
2011,6,23,1740
2011,6,24,1748
2011,6,25,1748
2011,6,26,1772
2011,6,27,1764
2011,7,3,1855
2011,7,4,1847
2011,7,5,1867
2011,7,6,1845
2011,7,7,1839
2011,7,8,1829
2011,7,9,1821
2011,7,28,1737
2011,7,29,1753
2011,7,30,1753
2011,7,31,1763
2011,8,1,1760
2011,8,2,1733
2011,8,3,1721
2011,8,4,1706
2011,8,5,1710
2011,8,6,1715
2011,8,7,1691
2011,8,8,1684
2011,8,9,1704
2011,8,10,1708
2011,8,11,1699
2011,8,12,1689
2011,8,13,1687
2011,8,14,1684
2011,8,15,1708
2011,8,16,1741
2011,8,17,1745
2011,8,18,1735
2011,8,19,1706
2011,8,20,1697
2011,8,21,1694
2011,8,22,1688
2011,8,23,1690
2011,8,24,1680
2011,8,25,1682
2011,8,26,1670
2011,8,27,1662
2011,8,28,1652
2011,8,29,1644
2011,8,30,1684
2011,8,31,1720
2011,9,1,1716
2011,9,2,1678
2011,9,3,1669
2011,9,4,1639
2011,9,5,1635
2011,9,6,1637
2011,9,7,1614
2011,9,8,1621
2011,9,9,1632
2011,9,10,1628
2011,9,11,1629
2011,9,12,1653
2011,9,13,1646
2011,9,14,1612
2011,9,15,1629
2011,9,16,1666
2011,9,17,1660
2011,9,18,1640
2011,9,19,1666
2011,9,20,1682
2011,9,21,1653
2011,9,22,1654
2011,9,23,1708
2011,9,24,1733
2011,9,25,1707
2011,9,26,1710
2011,9,27,1721
2011,9,28,1707
2011,9,29,1700
2011,9,30,1694
2011,10,1,1679
2011,10,2,1685
2011,10,3,1704
2011,10,4,1687
2011,10,5,1710
2011,10,6,1769
2011,10,7,1804
2011,10,8,1821
2011,10,9,1845
2011,10,10,1876
2011,10,11,1879
2011,10,12,1879
2011,10,13,1893
2011,10,14,1887
2011,10,15,1869
2011,10,16,1850
2011,10,17,1816
2011,10,18,1780
2011,10,19,1785
2011,10,20,1805
2011,10,21,1797
2011,10,22,1806
2011,10,23,1842
2011,10,24,1863
2011,10,25,1870
2011,10,26,1849
2011,10,27,1828
2011,10,28,1836
2011,10,29,1837
2011,10,30,1823
2011,10,31,1804
2011,11,1,1818
2011,11,2,1838
2011,11,3,1876
2011,11,4,1923
2011,11,5,1958
2011,11,6,1981
2011,11,7,1981
2011,11,8,1957
2011,11,9,1951
2011,11,10,1937
2011,11,11,1886
2011,11,12,1860
2011,11,13,1856
2011,11,14,1851
2011,11,15,1860
2011,11,16,1863
2011,11,17,1863
2011,11,18,1862
2011,11,19,1856
2011,11,20,1859
2011,11,21,1875
2011,11,22,1847
2011,11,23,1840
2011,11,24,1833
2011,11,25,1805
2011,11,26,1797
2011,11,27,1789
2011,11,28,1799
2011,11,29,1805
2011,11,30,1808
2011,12,1,1853
2011,12,2,1867
2011,12,3,1866
2011,12,4,1879
2011,12,5,1901
2011,12,6,1934
2011,12,7,1946
2011,12,8,1950
2011,12,9,1953
2011,12,10,1966
2011,12,11,1969
2011,12,12,1942
2011,12,13,1953
2011,12,14,1954
2011,12,15,1930
2011,12,16,1932
2011,12,17,1959
2011,12,18,1967
2011,12,19,1968
2011,12,20,1968
2011,12,21,1987
2011,12,22,2009
2011,12,23,2010
2011,12,24,2001
2011,12,25,2009
2011,12,26,2011
2011,12,27,2031
2011,12,28,2088
2011,12,29,2109
2011,12,30,2110
2011,12,31,2112
2012,1,1,2081
2012,1,2,2046
2012,1,3,2002
2012,1,4,1968
2012,1,5,1948
2012,1,6,1918
2012,1,7,1905
2012,1,8,1905
2012,1,9,1921
2012,1,10,1921
2012,1,11,1925
2012,1,12,1943
2012,1,13,1932
2012,1,14,1907
2012,1,15,1891
2012,1,16,1880
2012,1,17,1861
2012,1,18,1854
2012,1,19,1851
2012,1,20,1839
2012,1,21,1872
2012,1,22,1888
2012,1,23,1891
2012,1,24,1912
2012,1,25,1908
2012,1,26,1884
2012,1,27,1844
2012,1,28,1832
2012,1,29,1814
2012,1,30,1785
2012,1,31,1781
2012,2,1,1752
2012,2,2,1730
2012,2,3,1757
2012,2,4,1760
2012,2,5,1756
2012,2,6,1762
2012,2,7,1781
2012,2,8,1791
2012,2,9,1816
2012,2,10,1840
2012,2,11,1825
2012,2,12,1804
2012,2,13,1803
2012,2,14,1779
2012,2,15,1758
2012,2,16,1750
2012,2,17,1738
2012,2,18,1741
2012,2,19,1745
2012,2,20,1762
2012,2,21,1772
2012,2,22,1798
2012,2,23,1805
2012,2,24,1804
2012,2,25,1807
2012,2,26,1806
2012,2,27,1819
2012,2,28,1821
2012,2,29,1827
2012,3,1,1827
2012,3,2,1818
2012,3,3,1817
2012,3,4,1844
2012,3,5,1865
2012,3,6,1868
2012,3,7,1888
2012,3,8,1934
2012,3,9,1972
2012,3,10,1957
2012,3,11,1915
2012,3,12,1880
2012,3,13,1861
2012,3,14,1854
2012,3,15,1852
2012,3,16,1869
2012,3,17,1879
2012,3,18,1863
2012,3,19,1891
2012,3,20,1912
2012,3,21,1889
2012,3,22,1884
2012,3,23,1878
2012,3,24,1847
2012,3,25,1833
2012,3,26,1839
2012,3,27,1830
2012,3,28,1818
2012,3,29,1835
2012,3,30,1826
2012,3,31,1811
2012,4,1,1819
2012,4,2,1822
2012,4,3,1838
2012,4,4,1856
2012,4,5,1869
2012,4,6,1879
2012,4,7,1879
2012,4,8,1874
2012,4,9,1864
2012,4,10,1837
2012,4,11,1845
2012,4,12,1865
2012,4,13,1851
2012,4,14,1840
2012,4,15,1858
2012,4,16,1863
2012,4,17,1854
2012,4,18,1846
2012,4,19,1850
2012,4,20,1865
2012,4,21,1874
2012,4,22,1890
2012,4,23,1891
2012,4,24,1855
2012,4,25,1848
2012,4,26,1848
2012,4,27,1846
2012,4,28,1865
2012,4,29,1869
2012,4,30,1877
2012,5,1,1904
2012,5,2,1930
2012,5,3,1963
2012,5,4,1982
2012,5,5,1999
2012,5,6,1982
2012,5,7,1955
2012,5,8,1940
2012,5,9,1939
2012,5,10,1935
2012,5,11,1933
2012,5,12,1947
2012,5,13,1946
2012,5,14,1929
2012,5,15,1946
2012,5,16,1939
2012,5,17,1908
2012,5,18,1912
2012,5,19,1920
2012,5,20,1900
2012,5,21,1890
2012,5,22,1866
2012,5,23,1857
2012,5,24,1881
2012,5,25,1896
2012,5,26,1908
2012,5,27,1929
2012,5,28,1929
2012,5,29,1941
2012,5,30,1962
2012,5,31,1976
2012,6,1,1976
2012,6,2,1976
2012,6,3,1991
2012,6,4,1989
2012,6,5,1990
2012,6,6,2001
2012,6,7,2012
2012,6,8,1988
2012,6,9,1963
2012,6,10,1951
2012,6,11,1944
2012,6,12,1926
2012,6,13,1911
2012,6,14,1905
2012,6,15,1892
2012,6,16,1875
2012,6,17,1883
2012,6,18,1880
2012,6,19,1862
2012,6,20,1850
2012,6,21,1844
2012,6,22,1862
2012,6,23,1865
2012,6,24,1870
2012,6,25,1878
2012,6,26,1878
2012,6,27,1875
2012,6,28,1867
2012,6,29,1848
2012,6,30,1835
2012,7,1,1841
2012,7,2,1832
2012,7,3,1801
2012,7,4,1789
2012,7,5,1812
2012,7,6,1845
2012,7,7,1869
2012,7,8,1852
2012,7,9,1842
2012,7,10,1845
2012,7,11,1841
2012,7,12,1836
2012,7,13,1829
2012,7,14,1793
2012,7,15,1785
2012,7,16,1783
2012,7,17,1772
2012,7,18,1786
2012,7,19,1777
2012,7,20,1776
2012,7,21,1792
2012,7,22,1817
2012,7,23,1851
2012,7,24,1876
2012,7,25,1891
2012,7,26,1886
2012,7,27,1866
2012,7,28,1839
2012,7,29,1830
2012,7,30,1814
2012,7,31,1829
2012,8,1,1847
2012,8,2,1850
2012,8,3,1860
2012,8,4,1866
2012,8,5,1850
2012,8,6,1831
2012,8,7,1829
2012,8,8,1829
2012,8,9,1814
2012,8,10,1792
2012,8,11,1751
2012,8,12,1745
2012,8,13,1751
2012,8,14,1758
2012,8,15,1754
2012,8,16,1751
2012,8,17,1757
2012,8,18,1759
2012,8,19,1767
2012,8,20,1776
2012,8,21,1783
2012,8,22,1765
2012,8,23,1759
2012,8,24,1788
2012,8,25,1784
2012,8,26,1775
2012,8,27,1770
2012,8,28,1779
2012,8,29,1791
2012,8,30,1798
2012,8,31,1818
2012,9,1,1822
2012,9,2,1797
2012,9,3,1799
2012,9,4,1778
2012,9,5,1731
2012,9,6,1720
2012,9,7,1713
2012,9,8,1690
2012,9,9,1673
2012,9,10,1673
2012,9,11,1699
2012,9,12,1723
2012,9,13,1742
2012,9,14,1775
2012,9,15,1768
2012,9,16,1776
2012,9,17,1772
2012,9,18,1752
2012,9,19,1735
2012,9,20,1733
2012,9,21,1723
2012,9,22,1728
2012,9,23,1742
2012,9,24,1743
2012,9,25,1728
2012,9,26,1716
2012,9,27,1721
2012,9,28,1717
2012,9,29,1726
2012,9,30,1735
2012,10,1,1751
2012,10,2,1769
2012,10,3,1766
2012,10,4,1781
2012,10,5,1800
2012,10,6,1791
2012,10,7,1786
2012,10,8,1796
2012,10,9,1796
2012,10,10,1794
2012,10,11,1808
2012,10,12,1822
2012,10,13,1829
2012,10,14,1832
2012,10,15,1816
2012,10,16,1813
2012,10,17,1829
2012,10,18,1847
2012,10,19,1857
2012,10,20,1865
2012,10,21,1867
2012,10,22,1904
2012,10,23,1916
2012,10,24,1912
2012,10,25,1896
2012,10,26,1850
2012,10,27,1845
2012,10,28,1851
2012,10,29,1855
2012,10,30,1868
2012,10,31,1875
2012,11,1,1871
2012,11,2,1858
2012,11,3,1832
2012,11,4,1847
2012,11,5,1879
2012,11,6,1901
2012,11,7,1921
2012,11,8,1930
2012,11,9,1940
2012,11,10,1943
2012,11,11,1952
2012,11,12,1998
2012,11,13,2024
2012,11,14,2026
2012,11,15,2021
2012,11,16,2013
2012,11,17,2011
2012,11,18,2017
2012,11,19,2002
2012,11,20,2013
2012,11,21,2031
2012,11,22,2023
2012,11,23,1986
2012,11,24,1967
2012,11,25,1966
2012,11,26,1926
2012,11,27,1901
2012,11,28,1898
2012,11,29,1901
2012,11,30,1905
2012,12,1,1922
2012,12,2,1964
2012,12,3,2012
2012,12,4,2023
2012,12,5,2029
2012,12,6,2009
2012,12,7,1974
2012,12,8,1948
2012,12,9,1917
2012,12,10,1905
2012,12,11,1911
2012,12,12,1928
2012,12,13,1927
2012,12,14,1906
2012,12,15,1910
2012,12,16,1933
2012,12,17,1952
2012,12,18,1950
2012,12,19,1936
2012,12,20,1929
2012,12,21,1909
2012,12,22,1903
2012,12,23,1898
2012,12,24,1887
2012,12,25,1882
2012,12,26,1900
2012,12,27,1906
2012,12,28,1896
2012,12,29,1903
2012,12,30,1921
2012,12,31,1941
2013,1,1,1945
2013,1,2,1972
2013,1,3,1977
2013,1,4,1968
2013,1,5,1953
2013,1,6,1950
2013,1,7,1949
2013,1,8,1930
2013,1,9,1933
2013,1,10,1941
2013,1,11,1950
2013,1,12,1958
2013,1,13,1978
2013,1,14,1978
2013,1,15,1950
2013,1,16,1939
2013,1,17,1923
2013,1,18,1890
2013,1,19,1878
2013,1,20,1869
2013,1,21,1868
2013,1,22,1878
2013,1,23,1873
2013,1,24,1854
2013,1,25,1846
2013,1,26,1836
2013,1,27,1821
2013,1,28,1817
2013,1,29,1827
2013,1,30,1816
2013,1,31,1809
2013,2,1,1819
2013,2,2,1811
2013,2,3,1794
2013,2,4,1760
2013,2,5,1752
2013,2,6,1775
2013,2,7,1809
2013,2,8,1848
2013,2,9,1856
2013,2,10,1855
2013,2,11,1867
2013,2,12,1863
2013,2,13,1847
2013,2,14,1815
2013,2,15,1793
2013,2,16,1791
2013,2,17,1801
2013,2,18,1811
2013,2,19,1822
2013,2,20,1830
2013,2,21,1794
2013,2,22,1784
2013,2,23,1789
2013,2,24,1801
2013,2,25,1828
2013,2,26,1860
2013,2,27,1907
2013,2,28,1899
2013,3,1,1873
2013,3,2,1858
2013,3,3,1839
2013,3,4,1815
2013,3,5,1792
2013,3,6,1801
2013,3,7,1819
2013,3,8,1795
2013,3,9,1783
2013,3,10,1807
2013,3,11,1809
2013,3,12,1793
2013,3,13,1802
2013,3,14,1786
2013,3,15,1751
2013,3,16,1738
2013,3,17,1758
2013,3,18,1766
2013,3,19,1764
2013,3,20,1771
2013,3,21,1775
2013,3,22,1775
2013,3,23,1770
2013,3,24,1777
2013,3,25,1771
2013,3,26,1774
2013,3,27,1791
2013,3,28,1803
2013,3,29,1810
2013,3,30,1827
2013,3,31,1830
2013,4,1,1830
2013,4,2,1854
2013,4,3,1884
2013,4,4,1925
2013,4,5,1973
2013,4,6,1999
2013,4,7,2016
2013,4,8,1999
2013,4,9,1960
2013,4,10,1938
2013,4,11,1926
2013,4,12,1926
2013,4,13,1927
2013,4,14,1937
2013,4,15,1936
2013,4,16,1914
2013,4,17,1895
2013,4,18,1897
2013,4,19,1893
2013,4,20,1885
2013,4,21,1887
2013,4,22,1908
2013,4,23,1916
2013,4,24,1919
2013,4,25,1923
2013,4,26,1893
2013,4,27,1872
2013,4,28,1864
2013,4,29,1868
2013,4,30,1854
2013,5,1,1855
2013,5,2,1895
2013,5,3,1907
2013,5,4,1922
2013,5,5,1934
2013,5,6,1934
2013,5,7,1952
2013,5,8,1982
2013,5,9,2014
2013,5,10,2052
2013,5,11,2108
2013,5,12,2143
2013,5,13,2174
2013,5,14,2180
2013,5,15,2152
2013,5,16,2138
2013,5,17,2127
2013,5,18,2122
2013,5,19,2140
2013,5,20,2159
2013,5,21,2132
2013,5,22,2091
2013,5,23,2061
2013,5,24,2033
2013,5,25,1996
2013,5,26,1988
2013,5,27,2005
2013,5,28,2014
2013,5,29,2022
2013,5,30,2003
2013,5,31,2008
2013,6,1,2008
2013,6,2,1983
2013,6,3,1958
2013,6,4,1936
2013,6,5,1946
2013,6,6,1972
2013,6,7,1975
2013,6,8,1976
2013,6,9,1954
2013,6,10,1920
2013,6,11,1921
2013,6,12,1952
2013,6,13,1977
2013,6,14,1991
2013,6,15,1999
2013,6,16,1996
2013,6,17,1994
2013,6,18,1982
2013,6,19,1977
2013,6,20,1965
2013,6,21,1934
2013,6,22,1899
2013,6,23,1881
2013,6,24,1898
2013,6,25,1909
2013,6,26,1888
2013,6,27,1892
2013,6,28,1905
2013,6,29,1891
2013,6,30,1877
2013,7,1,1859
2013,7,2,1835
2013,7,3,1814
2013,7,4,1797
2013,7,5,1810
2013,7,6,1824
2013,7,7,1842
2013,7,8,1835
2013,7,9,1835
2013,7,10,1846
2013,7,11,1864
2013,7,12,1870
2013,7,13,1852
2013,7,14,1822
2013,7,15,1818
2013,7,16,1841
2013,7,17,1826
2013,7,18,1808
2013,7,19,1832
2013,7,20,1861
2013,7,21,1856
2013,7,22,1840
2013,7,23,1851
2013,7,24,1850
2013,7,25,1833
2013,7,26,1819
2013,7,27,1828
2013,7,28,1810
2013,7,29,1774
2013,7,30,1781
2013,7,31,1777
2013,8,1,1768
2013,8,2,1778
2013,8,3,1795
2013,8,4,1789
2013,8,5,1812
2013,8,6,1844
2013,8,7,1854
2013,8,8,1900
2013,8,9,1927
2013,8,10,1914
2013,8,11,1911
2013,8,12,1924
2013,8,13,1929
2013,8,14,1974
2013,8,15,1975
2013,8,16,1945
2013,8,17,1947
2013,8,18,1939
2013,8,19,1892
2013,8,20,1878
2013,8,21,1878
2013,8,22,1840
2013,8,23,1821
2013,8,24,1831
2013,8,25,1824
2013,8,26,1808
2013,8,27,1792
2013,8,28,1763
2013,8,29,1746
2013,8,30,1734
2013,8,31,1744
2013,9,1,1788
2013,9,2,1828
2013,9,3,1833
2013,9,4,1847
2013,9,5,1847
2013,9,6,1838
2013,9,7,1851
2013,9,8,1876
2013,9,9,1886
2013,9,10,1865
2013,9,11,1853
2013,9,12,1863
2013,9,13,1878
2013,9,14,1905
2013,9,15,1929
2013,9,16,1935
2013,9,17,1934
2013,9,18,1942
2013,9,19,1920
2013,9,20,1909
2013,9,21,1890
2013,9,22,1871
2013,9,23,1861
2013,9,24,1847
2013,9,25,1836
2013,9,26,1841
2013,9,27,1864
2013,9,28,1883
2013,9,29,1864
2013,9,30,1864
2013,10,1,1860
2013,10,2,1860
2013,10,3,1867
2013,10,4,1865
2013,10,5,1861
2013,10,6,1860
2013,10,7,1847
2013,10,8,1831
2013,10,9,1831
2013,10,10,1832
2013,10,11,1822
2013,10,12,1799
2013,10,13,1810
2013,10,14,1850
2013,10,15,1871
2013,10,16,1875
2013,10,17,1858
2013,10,18,1845
2013,10,19,1837
2013,10,20,1840
2013,10,21,1864
2013,10,22,1880
2013,10,23,1889
2013,10,24,1894
2013,10,25,1904
2013,10,26,1897
2013,10,27,1873
2013,10,28,1863
2013,10,29,1846
2013,10,30,1839
2013,10,31,1858
2013,11,1,1878
2013,11,2,1893
2013,11,3,1888
2013,11,4,1895
2013,11,5,1903
2013,11,6,1884
2013,11,7,1880
2013,11,8,1901
2013,11,9,1910
2013,11,10,1917
2013,11,11,1937
2013,11,12,1936
2013,11,13,1944
2013,11,14,1935
2013,11,15,1909
2013,11,16,1900
2013,11,17,1903
2013,11,18,1905
2013,11,19,1890
2013,11,20,1865
2013,11,21,1850
2013,11,22,1846
2013,11,23,1837
2013,11,24,1838
2013,11,25,1843
2013,11,26,1880
2013,11,27,1879
2013,11,28,1868
2013,11,29,1897
2013,11,30,1912
2013,12,1,1928
2013,12,2,1941
2013,12,3,1946
2013,12,4,1955
2013,12,5,1954
2013,12,6,1968
2013,12,7,1954
2013,12,8,1913
2013,12,9,1898
2013,12,10,1908
2013,12,11,1902
2013,12,12,1884
2013,12,13,1884
2013,12,14,1912
2013,12,15,1914
2013,12,16,1907
2013,12,17,1914
2013,12,18,1946
2013,12,19,1976
2013,12,20,2021
2013,12,21,2055
2013,12,22,2059
2013,12,23,2040
2013,12,24,2028
2013,12,25,1997
2013,12,26,1962
2013,12,27,1950
2013,12,28,1929
2013,12,29,1907
2013,12,30,1899
2013,12,31,1907
2014,1,1,1915
2014,1,2,1909
2014,1,3,1896
2014,1,4,1869
2014,1,5,1849
2014,1,6,1836
2014,1,7,1848
2014,1,8,1868
2014,1,9,1850
2014,1,10,1853
2014,1,11,1834
2014,1,12,1794
2014,1,13,1773
2014,1,14,1754
2014,1,15,1768
2014,1,16,1770
2014,1,17,1770
2014,1,18,1785
2014,1,19,1791
2014,1,20,1797
2014,1,21,1787
2014,1,22,1764
2014,1,23,1733
2014,1,24,1737
2014,1,25,1735
2014,1,26,1697
2014,1,27,1690
2014,1,28,1705
2014,1,29,1708
2014,1,30,1708
2014,1,31,1721
2014,2,1,1731
2014,2,2,1732
2014,2,3,1737
2014,2,4,1755
2014,2,5,1762
2014,2,6,1759
2014,2,7,1752
2014,2,8,1739
2014,2,9,1749
2014,2,10,1775
2014,2,11,1779
2014,2,12,1760
2014,2,13,1766
2014,2,14,1778
2014,2,15,1757
2014,2,16,1766
2014,2,17,1795
2014,2,18,1780
2014,2,19,1755
2014,2,20,1752
2014,2,21,1724
2014,2,22,1699
2014,2,23,1702
2014,2,24,1689
2014,2,25,1706
2014,2,26,1741
2014,2,27,1723
2014,2,28,1740
2014,3,1,1757
2014,3,2,1731
2014,3,3,1704
2014,3,4,1684
2014,3,5,1663
2014,3,6,1657
2014,3,7,1648
2014,3,8,1650
2014,3,9,1646
2014,3,10,1640
2014,3,11,1675
2014,3,12,1679
2014,3,13,1684
2014,3,14,1702
2014,3,15,1695
2014,3,16,1678
2014,3,17,1671
2014,3,18,1655
2014,3,19,1662
2014,3,20,1681
2014,3,21,1676
2014,3,22,1683
2014,3,23,1707
2014,3,24,1699
2014,3,25,1701
2014,3,26,1740
2014,3,27,1759
2014,3,28,1742
2014,3,29,1724
2014,3,30,1751
2014,3,31,1741
2014,4,1,1726
2014,4,2,1724
2014,4,3,1707
2014,4,4,1706
2014,4,5,1732
2014,4,6,1743
2014,4,7,1726
2014,4,8,1737
2014,4,9,1753
2014,4,10,1768
2014,4,11,1751
2014,4,12,1779
2014,4,13,1815
2014,4,14,1812
2014,4,15,1799
2014,4,16,1805
2014,4,17,1824
2014,4,18,1834
2014,4,19,1842
2014,4,20,1853
2014,4,21,1879
2014,4,22,1886
2014,4,23,1907
2014,4,24,1925
2014,4,25,1928
2014,4,26,1929
2014,4,27,1944
2014,4,28,1959
2014,4,29,1961
2014,4,30,1960
2014,5,1,1949
2014,5,2,1921
2014,5,3,1931
2014,5,4,1940
2014,5,5,1945
2014,5,6,1944
2014,5,7,1943
2014,5,8,1972
2014,5,9,1973
2014,5,10,1949
2014,5,11,1949
2014,5,12,1952
2014,5,13,1956
2014,5,14,1962
2014,5,15,1961
2014,5,16,1950
2014,5,17,1934
2014,5,18,1933
2014,5,19,1930
2014,5,20,1946
2014,5,21,1982
2014,5,22,1995
2014,5,23,1985
2014,5,24,1980
2014,5,25,1962
2014,5,26,1933
2014,5,27,1912
2014,5,28,1902
2014,5,29,1890
2014,5,30,1872
2014,5,31,1895
2014,6,1,1894
2014,6,2,1900
2014,6,3,1918
2014,6,4,1934
2014,6,5,1946
2014,6,6,1948
2014,6,7,1966
2014,6,8,1964
2014,6,9,1958
2014,6,10,1937
2014,6,11,1916
2014,6,12,1918
2014,6,13,1926
2014,6,14,1933
2014,6,15,1946
2014,6,16,1958
2014,6,17,1961
2014,6,18,1959
2014,6,19,1980
2014,6,20,1962
2014,6,21,1946
2014,6,22,1966
2014,6,23,1951
2014,6,24,1920
2014,6,25,1912
2014,6,26,1897
2014,6,27,1904
2014,6,28,1953
2014,6,29,1980
2014,6,30,1982
2014,7,1,1994
2014,7,2,2025
2014,7,3,2014
2014,7,4,1979
2014,7,5,1938
2014,7,6,1929
2014,7,7,1927
2014,7,8,1929
2014,7,9,1983
2014,7,10,2013
2014,7,11,2004
2014,7,12,2004
2014,7,13,2028
2014,7,14,2039
2014,7,15,2061
2014,7,16,2055
2014,7,17,2020
2014,7,18,1978
2014,7,19,1943
2014,7,20,1911
2014,7,21,1864
2014,7,22,1835
2014,7,23,1840
2014,7,24,1833
2014,7,25,1825
2014,7,26,1839
2014,7,27,1857
2014,7,28,1858
2014,7,29,1855
2014,7,30,1854
2014,7,31,1845
2014,8,1,1841
2014,8,2,1862
2014,8,3,1881
2014,8,4,1891
2014,8,5,1883
2014,8,6,1891
2014,8,7,1898
2014,8,8,1922
2014,8,9,1925
2014,8,10,1900
2014,8,11,1899
2014,8,12,1887
2014,8,13,1860
2014,8,14,1863
2014,8,15,1852
2014,8,16,1826
2014,8,17,1827
2014,8,18,1832
2014,8,19,1817
2014,8,20,1815
2014,8,21,1830
2014,8,22,1839
2014,8,23,1818
2014,8,24,1803
2014,8,25,1789
2014,8,26,1795
2014,8,27,1816
2014,8,28,1834
2014,8,29,1866
2014,8,30,1867
2014,8,31,1848
2014,9,1,1838
2014,9,2,1821
2014,9,3,1816
2014,9,4,1809
2014,9,5,1790
2014,9,6,1789
2014,9,7,1773
2014,9,8,1769
2014,9,9,1782
2014,9,10,1768
2014,9,11,1751
2014,9,12,1760
2014,9,13,1770
2014,9,14,1769
2014,9,15,1798
2014,9,16,1815
2014,9,17,1822
2014,9,18,1835
2014,9,19,1830
2014,9,20,1780
2014,9,21,1781
2014,9,22,1819
2014,9,23,1828
2014,9,24,1793
2014,9,25,1756
2014,9,26,1728
2014,9,27,1703
2014,9,28,1747
2014,9,29,1761
2014,9,30,1779
2014,10,1,1814
2014,10,2,1848
2014,10,3,1852
2014,10,4,1836
2014,10,5,1843
2014,10,6,1846
2014,10,7,1848
2014,10,8,1881
2014,10,9,1933
2014,10,10,1957
2014,10,11,1971
2014,10,12,1951
2014,10,13,1912
2014,10,14,1878
2014,10,15,1860
2014,10,16,1835
2014,10,17,1822
2014,10,18,1822
2014,10,19,1811
2014,10,20,1816
2014,10,21,1845
2014,10,22,1849
2014,10,23,1864
2014,10,24,1861
2014,10,25,1862
2014,10,26,1872
2014,10,27,1872
2014,10,28,1884
2014,10,29,1893
2014,10,30,1887
2014,10,31,1900
2014,11,1,1923
2014,11,2,1948
2014,11,3,1968
2014,11,4,1992
2014,11,5,2008
2014,11,6,1997
2014,11,7,1968
2014,11,8,1963
2014,11,9,1985
2014,11,10,1979
2014,11,11,1975
2014,11,12,1983
2014,11,13,1981
2014,11,14,1952
2014,11,15,1918
2014,11,16,1916
2014,11,17,1934
2014,11,18,1952
2014,11,19,1956
2014,11,20,1979
2014,11,21,1998
2014,11,22,1985
2014,11,23,1957
2014,11,24,1943
2014,11,25,1945
2014,11,26,1948
2014,11,27,1984
2014,11,28,2020
2014,11,29,2002
2014,11,30,1998
2014,12,1,2040
2014,12,2,2059
2014,12,3,2057
2014,12,4,2064
2014,12,5,2042
2014,12,6,2019
2014,12,7,1971
2014,12,8,1929
2014,12,9,1933
2014,12,10,1935
2014,12,11,1944
2014,12,12,1949
2014,12,13,1953
2014,12,14,1944
2014,12,15,1934
2014,12,16,1943
2014,12,17,1953
2014,12,18,1930
2014,12,19,1910
2014,12,20,1918
2014,12,21,1927
2014,12,22,1949
2014,12,23,1994
2014,12,24,2017
2014,12,25,2059
2014,12,26,2110
2014,12,27,2095
2014,12,28,2101
2014,12,29,2110
2014,12,30,2081
2014,12,31,2068
2015,1,1,2079
2015,1,2,2086
2015,1,3,2059
2015,1,4,2025
2015,1,5,2041
2015,1,6,2048
2015,1,7,2006
2015,1,8,1963
2015,1,9,1948
2015,1,10,1938
2015,1,11,1927
2015,1,12,1919
2015,1,13,1912
2015,1,14,1881
2015,1,15,1886
2015,1,16,1904
2015,1,17,1897
2015,1,18,1877
2015,1,19,1857
2015,1,20,1839
2015,1,21,1823
2015,1,22,1813
2015,1,23,1805
2015,1,24,1789
2015,1,25,1795
2015,1,26,1795
2015,1,27,1789
2015,1,28,1771
2015,1,29,1737
2015,1,30,1741
2015,1,31,1752
2015,2,1,1722
2015,2,2,1704
2015,2,3,1709
2015,2,4,1712
2015,2,5,1696
2015,2,6,1719
2015,2,7,1718
2015,2,8,1699
2015,2,9,1700
2015,2,10,1696
2015,2,11,1694
2015,2,12,1691
2015,2,13,1698
2015,2,14,1727
2015,2,15,1757
2015,2,16,1783
2015,2,17,1808
2015,2,18,1794
2015,2,19,1813
2015,2,20,1810
2015,2,21,1797
2015,2,22,1785
2015,2,23,1753
2015,2,24,1746
2015,2,25,1764
2015,2,26,1796
2015,2,27,1798
2015,2,28,1796
2015,3,1,1788
2015,3,2,1790
2015,3,3,1774
2015,3,4,1767
2015,3,5,1781
2015,3,6,1756
2015,3,7,1738
2015,3,8,1756
2015,3,9,1738
2015,3,10,1733
2015,3,11,1730
2015,3,12,1746
2015,3,13,1780
2015,3,14,1777
2015,3,15,1804
2015,3,16,1806
2015,3,17,1777
2015,3,18,1789
2015,3,19,1791
2015,3,20,1784
2015,3,21,1785
2015,3,22,1773
2015,3,23,1762
2015,3,24,1768
2015,3,25,1778
2015,3,26,1764
2015,3,27,1752
2015,3,28,1759
2015,3,29,1758
2015,3,30,1758
2015,3,31,1765
2015,4,1,1793
2015,4,2,1813
2015,4,3,1808
2015,4,4,1788
2015,4,5,1780
2015,4,6,1785
2015,4,7,1782
2015,4,8,1765
2015,4,9,1749
2015,4,10,1763
2015,4,11,1774
2015,4,12,1799
2015,4,13,1809
2015,4,14,1838
2015,4,15,1863
2015,4,16,1858
2015,4,17,1840
2015,4,18,1831
2015,4,19,1815
2015,4,20,1787
2015,4,21,1813
2015,4,22,1830
2015,4,23,1811
2015,4,24,1824
2015,4,25,1871
2015,4,26,1895
2015,4,27,1905
2015,4,28,1921
2015,4,29,1901
2015,4,30,1882
2015,5,1,1889
2015,5,2,1866
2015,5,3,1853
2015,5,4,1862
2015,5,5,1874
2015,5,6,1890
2015,5,7,1907
2015,5,8,1902
2015,5,9,1909
2015,5,10,1900
2015,5,11,1900
2015,5,12,1889
2015,5,13,1862
2015,5,14,1856
2015,5,15,1888
2015,5,16,1930
2015,5,17,1971
2015,5,18,1985
2015,5,19,1997
2015,5,20,2008
2015,5,21,1992
2015,5,22,1987
2015,5,23,1985
2015,5,24,1973
2015,5,25,1941
2015,5,26,1959
2015,5,27,1965
2015,5,28,1944
2015,5,29,1939
2015,5,30,1944
2015,5,31,1927
2015,6,1,1897
2015,6,2,1877
2015,6,3,1882
2015,6,4,1901
2015,6,5,1918
2015,6,6,1913
2015,6,7,1884
2015,6,8,1906
2015,6,9,1931
2015,6,10,1923
2015,6,11,1940
2015,6,12,1950
2015,6,13,1939
2015,6,14,1928
2015,6,15,1927
2015,6,16,1905
2015,6,17,1899
2015,6,18,1911
2015,6,19,1892
2015,6,20,1856
2015,6,21,1857
2015,6,22,1850
2015,6,23,1841
2015,6,24,1855
2015,6,25,1845
2015,6,26,1805
2015,6,27,1804
2015,6,28,1789
2015,6,29,1758
2015,6,30,1748
2015,7,1,1743
2015,7,2,1747
2015,7,3,1748
2015,7,4,1764
2015,7,5,1778
2015,7,6,1787
2015,7,7,1807
2015,7,8,1834
2015,7,9,1848
2015,7,10,1846
2015,7,11,1887
2015,7,12,1940
2015,7,13,1950
2015,7,14,1937
2015,7,15,1923
2015,7,16,1904
2015,7,17,1888
2015,7,18,1891
2015,7,19,1886
2015,7,20,1869
2015,7,21,1863
2015,7,22,1886
2015,7,23,1912
2015,7,24,1873
2015,7,25,1813
2015,7,26,1786
2015,7,27,1772
2015,7,28,1774
2015,7,29,1785
2015,7,30,1784
2015,7,31,1786
2015,8,1,1789
2015,8,2,1792
2015,8,3,1799
2015,8,4,1808
2015,8,5,1796
2015,8,6,1774
2015,8,7,1771
2015,8,8,1781
2015,8,9,1778
2015,8,10,1774
2015,8,11,1773
2015,8,12,1770
2015,8,13,1787
2015,8,14,1800
2015,8,15,1795
2015,8,16,1805
2015,8,17,1809
2015,8,18,1822
2015,8,19,1832
2015,8,20,1831
2015,8,21,1821
2015,8,22,1819
2015,8,23,1817
2015,8,24,1799
2015,8,25,1786
2015,8,26,1789
2015,8,27,1815
2015,8,28,1812
2015,8,29,1800
2015,8,30,1791
2015,8,31,1794
2015,9,1,1793
2015,9,2,1772
2015,9,3,1748
2015,9,4,1717
2015,9,5,1711
2015,9,6,1709
2015,9,7,1704
2015,9,8,1706
2015,9,9,1707
2015,9,10,1712
2015,9,11,1725
2015,9,12,1748
2015,9,13,1767
2015,9,14,1736
2015,9,15,1719
2015,9,16,1716
2015,9,17,1698
2015,9,18,1704
2015,9,19,1733
2015,9,20,1728
2015,9,21,1706
2015,9,22,1712
2015,9,23,1711
2015,9,24,1704
2015,9,25,1740
2015,9,26,1793
2015,9,27,1795
2015,9,28,1807
2015,9,29,1827
2015,9,30,1796
2015,10,1,1777
2015,10,2,1793
2015,10,3,1804
2015,10,4,1789
2015,10,5,1789
2015,10,6,1807
2015,10,7,1798
2015,10,8,1792
2015,10,9,1783
2015,10,10,1786
2015,10,11,1798
2015,10,12,1799
2015,10,13,1804
2015,10,14,1806
2015,10,15,1798
2015,10,16,1795
2015,10,17,1774
2015,10,18,1757
2015,10,19,1752
2015,10,20,1738
2015,10,21,1747
2015,10,22,1754
2015,10,23,1761
2015,10,24,1761
2015,10,25,1773
2015,10,26,1780
2015,10,27,1751
2015,10,28,1741
2015,10,29,1748
2015,10,30,1740
2015,10,31,1739
2015,11,1,1778
2015,11,2,1801
2015,11,3,1798
2015,11,4,1798
2015,11,5,1810
2015,11,6,1812
2015,11,7,1843
2015,11,8,1861
2015,11,9,1879
2015,11,10,1868
2015,11,11,1842
2015,11,12,1842
2015,11,13,1847
2015,11,14,1844
2015,11,15,1865
2015,11,16,1874
2015,11,17,1878
2015,11,18,1902
2015,11,19,1933
2015,11,20,1961
2015,11,21,1966
2015,11,22,1945
2015,11,23,1933
2015,11,24,1929
2015,11,25,1929
2015,11,26,1910
2015,11,27,1891
2015,11,28,1863
2015,11,29,1845
2015,11,30,1838
2015,12,1,1862
2015,12,2,1892
2015,12,3,1886
2015,12,4,1914
2015,12,5,1942
2015,12,6,1966
2015,12,7,1982
2015,12,8,1975
2015,12,9,1965
2015,12,10,1957
2015,12,11,1963
2015,12,12,1970
2015,12,13,1987
2015,12,14,2019
2015,12,15,2043
2015,12,16,2059
2015,12,17,2061
2015,12,18,2044
2015,12,19,2008
2015,12,20,1970
2015,12,21,1968
2015,12,22,1968
2015,12,23,1935
2015,12,24,1904
2015,12,25,1890
2015,12,26,1861
2015,12,27,1853
2015,12,28,1854
2015,12,29,1853
2015,12,30,1856
2015,12,31,1846
2016,1,1,1840
2016,1,2,1823
2016,1,3,1817
2016,1,4,1819
2016,1,5,1806
2016,1,6,1799
2016,1,7,1788
2016,1,8,1777
2016,1,12,1793
2016,1,13,1815
2016,1,14,1809
2016,1,15,1800
2016,1,16,1780
2016,1,17,1757
2016,1,18,1765
2016,1,19,1762
2016,1,20,1770
2016,1,21,1752
2016,1,22,1744
2016,1,23,1763
2016,1,24,1766
2016,1,25,1760
2016,1,26,1794
2016,1,27,1797
2016,1,28,1738
2016,1,29,1730
2016,1,30,1732
2016,1,31,1720
2016,2,1,1756
2016,2,2,1794
2016,2,3,1820
2016,2,4,1862
2016,2,5,1884
2016,2,6,1863
2016,2,7,1850
2016,2,8,1831
2016,2,9,1832
2016,2,10,1842
2016,2,11,1862
2016,2,12,1871
2016,2,13,1877
2016,2,14,1865
2016,2,15,1868
2016,2,16,1837
2016,2,17,1787
2016,2,18,1791
2016,2,19,1782
2016,2,20,1752
2016,2,21,1744
2016,2,22,1757
2016,2,23,1768
2016,2,24,1762
2016,2,25,1759
2016,2,26,1743
2016,2,27,1727
2016,2,28,1715
2016,2,29,1694
2016,3,1,1707
2016,3,2,1715
2016,3,3,1717
2016,3,4,1725
2016,3,5,1754
2016,3,6,1772
2016,3,7,1792
2016,3,8,1805
2016,3,9,1809
2016,3,10,1812
2016,3,11,1821
2016,3,12,1813
2016,3,13,1822
2016,3,14,1828
2016,3,15,1826
2016,3,16,1823
2016,3,17,1828
2016,3,18,1828
2016,3,19,1831
2016,3,20,1835
2016,3,21,1846
2016,3,22,1852
2016,3,23,1870
2016,3,24,1889
2016,3,25,1891
2016,3,26,1870
2016,3,27,1845
2016,3,28,1837
2016,3,29,1825
2016,3,30,1816
2016,3,31,1820
2016,4,1,1823
2016,4,2,1837
2016,4,3,1841
2016,4,4,1839
2016,4,5,1860
2016,4,6,1862
2016,4,7,1845
2016,4,8,1852
2016,4,9,1875
2016,4,10,1857
2016,4,11,1850
2016,4,12,1869
2016,4,13,1859
2016,4,14,1871
2016,4,15,1901
2016,4,16,1897
2016,4,17,1873
2016,4,18,1872
2016,4,19,1880
2016,4,20,1870
2016,4,21,1862
2016,4,22,1864
2016,4,23,1869
2016,4,24,1841
2016,4,25,1816
2016,4,26,1823
2016,4,27,1852
2016,4,28,1882
2016,4,29,1915
2016,4,30,1954
2016,5,1,1973
2016,5,2,1965
2016,5,3,1969
2016,5,4,1949
2016,5,5,1947
2016,5,6,1974
2016,5,7,1975
2016,5,8,1984
2016,5,9,2010
2016,5,10,2010
2016,5,11,1995
2016,5,12,1989
2016,5,13,1997
2016,5,14,2021
2016,5,15,2045
2016,5,16,2065
2016,5,17,2112
2016,5,18,2152
2016,5,19,2184
2016,5,20,2206
2016,5,21,2190
2016,5,22,2196
2016,5,23,2179
2016,5,24,2165
2016,5,25,2169
2016,5,26,2162
2016,5,27,2149
2016,5,28,2165
2016,5,29,2202
2016,5,30,2198
2016,5,31,2228
