Location,ID,Latitude,Longitude,GLOSS ID,Country,Date,Coastline,Station
REYKJAVIK,638,64.151,-21.940,229,ISL,24/01/2017,010,001
GRINDAVIK,877,63.833,-22.433,,ISL,01/01/1980,010,011
TORSHAVN,839,62.017,-6.767,237,FRO,30/10/2007,015,011
BARENTSBURG,541,78.067,14.250,231,SJM,17/01/2017,025,001
BARENTSBURG II (SPITSBERGEN),547,78.067,14.250,231,SJM,17/01/2003,025,002
NY-ALESUND,1421,78.929,11.938,345,SJM,08/09/2016,025,021
RUSSKAYA GAVAN,711,76.200,62.583,99,RUS,12/07/1994,030,001
RUSSKAIA GAVAN II,710,76.183,62.583,99,RUS,17/01/2003,030,003
BELYI NOS,859,69.600,60.217,,RUS,17/01/2003,030,007
BUGRINO,2025,68.800,49.333,,RUS,20/07/2010,030,010
KRENKELIA (HEISA OSTROV),1012,80.617,58.050,,RUS,17/01/2003,030,014
MALYE KARMAKULY,609,72.367,52.700,,RUS,17/01/2003,030,016
MURMANSK,684,68.967,33.050,274,RUS,17/01/2017,030,018
MURMANSK II,687,68.967,33.050,274,RUS,17/01/2003,030,019
POLYARNIY,2027,69.200,33.483,,RUS,20/07/2010,030,020
TERIBERKA,2028,69.200,35.117,,RUS,20/07/2010,030,023
LINAKHAMARI,365,69.650,31.367,,RUS,01/01/1980,030,025
MYS PIKSHUEVA,2026,69.550,32.433,,RUS,20/07/2010,030,030
BOLVANSKII NOS (FEDOROVA),651,70.450,59.083,,RUS,06/01/2003,030,305
UGORSKII SHAR (UGORSKII SHAR PROLIV),622,69.817,60.750,,RUS,06/01/2003,030,308
AMDERMA,599,69.750,61.700,,RUS,08/12/2014,030,310
UST KARA,600,69.250,64.517,,RUS,08/12/2014,030,315
MORZHOVAIA (HARASAVEI MYS),732,71.417,67.583,,RUS,16/05/2013,030,318
ZHELANIA II (ZHELANIA MYS),647,76.950,68.550,,RUS,06/01/2003,030,321
POPOVA (BELYI OSTROV),653,73.333,70.050,,RUS,06/01/2003,030,325
TADIBE-IAHA,767,70.367,72.567,,RUS,06/01/2003,030,328
SE-LAHA,1200,70.150,72.567,,RUS,06/01/2003,030,331
ANTIPAIUTA,1128,69.083,76.850,,RUS,06/01/2003,030,335
VISE (VISE OSTROV),704,79.500,76.983,,RUS,08/12/2014,030,338
LESKINA (LESKINA MYS),654,72.317,79.567,,RUS,06/01/2003,030,340
DIKSON,611,73.500,80.400,312,RUS,13/08/2013,030,345
UEDINENIA (UEDINENIA OSTROV),707,77.500,82.200,,RUS,06/01/2003,030,348
SOPOCHNAIA KARGA,917,71.867,82.700,,RUS,08/12/2014,030,351
IZVESTIA TSIK (IZVESTIA TSIK OSTROVA),728,75.950,82.950,,RUS,08/12/2014,030,360
STERLEGOVA (STERLEGOVA MYS),612,75.417,88.900,,RUS,13/08/2013,030,365
ISACHENKO (ISACHENKO OSTROV),734,77.150,89.200,,RUS,06/01/2003,030,370
GOLOMIANYI (GOLOMIANYI OSTROV),729,79.550,90.617,,RUS,13/08/2013,030,374
PRAVDY (PRAVDY OSTROV),615,76.267,94.767,,RUS,06/01/2003,030,378
RUSSKII (RUSSKII OSTROV),655,77.167,96.433,,RUS,06/01/2003,030,380
KRASNOFLOTSKIE (KRASNOFLOTSKIE OSTROVA),738,78.600,98.833,,RUS,16/05/2013,030,385
GEIBERGA (GEIBERGA OSTROV),648,77.600,101.517,,RUS,06/01/2003,030,387
SOLNECHNAIA (SOLNECHNAIA BUKHTA),656,78.200,103.267,,RUS,06/01/2003,030,390
FEDOROVA (CHELUSKIN MYS),601,77.717,104.300,,RUS,13/08/2013,030,392
KOSYSTYI (KOSYSTYI MYS),736,73.650,109.733,,RUS,06/01/2003,030,394
SVIATOI NOS (SVIATOI NOS MYS),657,72.833,140.733,,RUS,06/01/2003,030,397
PESCHANYI (PESCHANYI MYS),1006,79.433,102.483,,RUS,08/01/2003,030,405
ANDREIA (ANDREIA OSTROV),646,76.800,110.750,,RUS,08/01/2003,030,410
MALYI TAIMYR (MALYI TAIMYR OSTROV),620,78.083,106.817,,RUS,08/01/2003,030,414
PREOBRAZHENIA (PREOBRAZHENIA OSTROV),652,74.667,112.933,,RUS,08/01/2003,030,418
MARII PRONCHISHEVOI (BUKHTA),667,75.533,113.433,,RUS,08/01/2003,030,420
ANABAR,1780,73.217,113.500,,RUS,08/12/2014,030,425
TERPIAI-TUMSA,790,73.550,118.667,,RUS,08/01/2003,030,430
UST OLENEK,610,73.000,119.867,,RUS,08/01/2003,030,435
DUNAI (DUNAI OSTROV),640,73.933,124.500,,RUS,13/08/2013,030,440
SAGYLLAH-ARY,1019,73.150,128.883,,RUS,08/01/2003,030,443
TIKSI (TIKSI BUKHTA),569,71.583,128.917,313,RUS,13/08/2013,030,447
BYKOV MYS (BYKOV MYS),1399,72.000,129.117,,RUS,08/01/2003,030,449
MALYSHEVA (MALYSHEVA OSTROV),741,72.067,129.833,,RUS,08/01/2003,030,452
MUOSTAH ( MUOSTAH OSTROV),649,71.550,130.033,,RUS,08/01/2003,030,455
NAIBA,1497,70.850,130.750,,RUS,08/01/2003,030,460
BUORHAIA (BUORHAIA MYS),735,71.950,132.767,,RUS,08/01/2003,030,464
UADEI,709,71.517,136.417,,RUS,08/01/2003,030,468
KOTELNYI (KOTELNYI OSTROV),641,76.000,137.867,,RUS,08/12/2014,030,475
SANNIKOVA (SANNIKOVA PROLIV),602,74.667,138.900,,RUS,08/12/2014,030,480
KIGILIAH,642,73.333,139.867,,RUS,08/12/2014,030,485
ZEMLIA BUNGE,658,74.883,142.117,,RUS,13/01/2003,030,510
SHALAUROVA (SHALAUROVA MYS),603,73.183,143.233,,RUS,13/08/2013,030,516
NEMKOVA (NEMKOVA OSTROV),797,71.417,150.750,,RUS,16/01/2003,030,521
ZHOHOVA (ZHOHOVA OSTROV),937,76.150,152.833,,RUS,13/01/2003,030,528
AMBARCHIK,604,69.617,162.300,,RUS,08/12/2014,030,535
CHETYREHSTOLBOVOI,650,70.633,162.483,,RUS,16/01/2003,030,550
RAU-CHUA,605,69.500,166.583,,RUS,08/12/2014,030,556
AION,730,69.933,167.983,,RUS,13/07/2010,030,560
PEVEK,606,69.700,170.250,,RUS,08/12/2014,030,567
VALKARKAI,792,70.083,170.933,,RUS,16/01/2003,030,570
BILLINGA,708,69.883,175.767,,RUS,16/01/2003,030,578
MYS SHMIDTA,616,68.900,-179.367,,RUS,16/01/2003,030,610
VRANGELIA (VRANGELIA OSTROV),608,70.983,-178.483,,RUS,16/01/2003,030,620
VANKAREM,607,67.833,-175.833,,RUS,13/08/2013,030,630
KOLUCHIN,621,67.483,-174.650,,RUS,16/01/2003,030,640
NETTEN,613,66.967,-171.933,,RUS,16/01/2003,030,650
RATMANOVA,617,66.850,-169.133,,RUS,16/01/2003,030,670
PROVIDENIA,662,64.417,-173.233,309,RUS,16/01/2003,030,725
VARDO,524,70.375,31.104,323,NOR,08/09/2016,040,001
VADSO,1257,70.067,29.750,,NOR,18/10/1994,040,005
BERLEVAG,442,70.850,29.100,,NOR,01/01/1980,040,011
HONNINGSVAG,1267,70.980,25.973,,NOR,08/09/2016,040,015
HAMMERFEST,758,70.665,23.683,,NOR,08/09/2016,040,021
TROMSO,680,69.647,18.961,,NOR,08/09/2016,040,031
ANDENES,425,69.326,16.135,322,NOR,08/09/2016,040,041
HARSTAD,681,68.801,16.548,,NOR,08/09/2016,040,061
EVENSKJAER,531,68.583,16.550,,NOR,01/01/1980,040,071
NARVIK,312,68.428,17.426,,NOR,08/09/2016,040,081
KABELVAG,45,68.213,14.482,,NOR,08/09/2016,040,091
BODO,562,67.288,14.391,,NOR,08/09/2016,040,101
SANDNESSJOEN,1137,66.017,12.633,,NOR,01/01/1980,040,117
MOSJOEN,781,65.850,13.200,,NOR,01/01/1980,040,121
BRONNOYSUND,803,65.483,12.217,,NOR,01/01/1980,040,131
RORVIK,1241,64.859,11.230,234,NOR,08/09/2016,040,136
TRONDHEIM,34,63.433,10.433,,NOR,30/09/1991,040,141
TRONDHEIM 2,1748,63.436,10.392,,NOR,08/09/2016,040,142
HEIMSJO,313,63.425,9.102,,NOR,08/09/2016,040,151
KRISTIANSUND,682,63.114,7.734,,NOR,08/09/2016,040,161
ALESUND,509,62.469,6.152,,NOR,08/09/2016,040,191
KJOLSDAL,398,61.917,5.633,,NOR,10/10/1994,040,201
MALOY,486,61.934,5.113,,NOR,08/09/2016,040,211
BERGEN,58,60.398,5.320,,NOR,08/09/2016,040,221
STAVANGER,47,58.974,5.730,,NOR,08/09/2016,040,261
TREGDE,302,58.006,7.555,321,NOR,08/09/2016,040,301
HELGEROA,1113,58.995,9.856,,NOR,08/09/2016,040,310
NEVLUNGHAVN,401,58.967,9.883,,NOR,01/01/1980,040,311
OSLO,62,59.909,10.735,,NOR,08/09/2016,040,321
OSCARSBORG,33,59.678,10.605,,NOR,08/09/2016,040,331
VIKER,1759,59.036,10.950,,NOR,08/09/2016,040,341
STROMSTAD,140,58.950,11.183,,SWE,06/11/1991,050,001
KUNGSVIK,2113,58.997,11.127,,SWE,05/04/2016,050,009
SMOGEN,179,58.354,11.218,,SWE,05/04/2016,050,011
BACKEVIK,97,58.367,11.250,,SWE,01/01/1980,050,021
STENUNGSUND,2112,58.093,11.833,,SWE,05/04/2016,050,024
GOTEBORG-RINGON,2133,57.717,11.967,,SWE,01/11/2012,050,030
GOTEBORG - KLIPPAN,74,57.683,11.900,,SWE,01/03/2012,050,031
GOTEBORG - TORSHAMNEN,1236,57.685,11.791,233,SWE,05/04/2016,050,032
RINGHALS,2111,57.250,12.113,,SWE,05/04/2016,050,035
VARBERG,73,57.100,12.217,,SWE,01/01/1980,050,041
KLAGSHAMN,330,55.522,12.894,,SWE,05/04/2016,050,051
SKANOR,2108,55.417,12.829,,SWE,05/04/2016,050,056
LIMHAMN,323,55.583,12.933,,SWE,01/01/1980,050,061
BARSEBACK,2109,55.756,12.903,,SWE,05/04/2016,050,064
VIKEN,2110,56.142,12.579,,SWE,05/04/2016,050,066
YSTAD,72,55.417,13.817,,SWE,29/07/1988,050,071
SIMRISHAMN,2107,55.558,14.358,,SWE,05/04/2016,050,074
KUNGSHOLMSFORT,70,56.105,15.589,,SWE,05/04/2016,050,081
OSKARSHAMN,2106,57.275,16.478,,SWE,05/04/2016,050,085
OLANDS NORRA UDDE,69,57.366,17.097,,SWE,05/04/2016,050,091
VISBY,2105,57.639,18.284,,SWE,05/04/2016,050,096
NEDRE NYKOPING,170,58.750,17.017,,SWE,01/01/1980,050,111
MARVIKEN,2104,58.554,16.837,,SWE,05/04/2016,050,115
LANDSORT,68,58.742,17.865,,SWE,01/03/2012,050,121
LANDSORT NORRA,2132,58.769,17.859,,SWE,05/04/2016,050,123
NEDRE SODERTALJE,31,59.200,17.617,,SWE,06/11/1991,050,131
STOCKHOLM,78,59.324,18.082,341,SWE,05/04/2016,050,141
GRONSKAR,77,59.283,19.033,,SWE,06/11/1991,050,151
FORSMARK,2103,60.409,18.211,,SWE,05/04/2016,050,155
BJORN,90,60.633,17.967,,SWE,01/01/1980,050,161
NEDRE GAVLE,99,60.683,17.167,,SWE,06/11/1991,050,171
DRAGHALLAN,122,62.367,17.533,,SWE,01/01/1980,050,181
SPIKARNA,1211,62.363,17.531,,SWE,05/04/2016,050,183
SKAGSUDDE,2102,63.191,19.013,,SWE,05/04/2016,050,187
RATAN,88,63.986,20.895,,SWE,05/04/2016,050,191
FURUOGRUND,203,64.916,21.231,,SWE,05/04/2016,050,201
KALIX,2101,65.697,23.096,,SWE,05/04/2016,050,205
KEMI,229,65.673,24.515,,FIN,24/01/2017,060,001
OULU / ULEABORG,79,65.040,25.418,,FIN,24/01/2017,060,011
RAAHE / BRAHESTAD,240,64.666,24.407,,FIN,24/01/2017,060,021
YKSPIHLAJA,86,63.833,23.033,,FIN,01/01/1980,060,031
PIETARSAARI / JAKOBSTAD,194,63.709,22.690,,FIN,31/01/2017,060,041
VAASA / VASA,57,63.082,21.571,,FIN,24/01/2017,060,051
RONNSKAR,30,63.067,20.800,,FIN,01/01/1980,060,061
KASKINEN / KASKO,285,62.344,21.215,,FIN,24/01/2017,060,071
SALGRUND,228,62.333,21.200,,FIN,01/01/1980,060,081
REPOSAARI,85,61.617,21.450,,FIN,01/01/1980,060,091
MANTYLUOTO,172,61.594,21.463,,FIN,24/01/2017,060,101
SAPPI,226,61.483,21.333,,FIN,01/01/1980,060,111
RAUMA / RAUMO,376,61.134,21.426,,FIN,24/01/2017,060,121
LYOKKI,16,60.850,21.183,,FIN,01/01/1980,060,221
LYPYRTTI,17,60.600,21.233,,FIN,01/01/1980,060,231
TURKU / ABO,239,60.428,22.101,,FIN,24/01/2017,060,241
HELIGMAN,231,60.200,19.300,,ALA,01/01/1980,060,251
KOBBAKLINTAR,63,60.033,19.883,,ALA,01/01/1980,060,261
LEMSTROM,84,60.100,20.017,,ALA,01/01/1980,060,271
FOGLO / DEGERBY,249,60.032,20.385,,ALA,24/01/2017,060,281
UTO,27,59.783,21.367,,FIN,01/01/1980,060,291
LOHM,233,60.100,21.667,,FIN,01/01/1980,060,301
TVARMINNE,238,59.850,23.250,,FIN,01/01/1980,060,306
JUNGFRUSUND,18,59.950,22.367,,FIN,01/01/1980,060,311
RUSSARO,28,59.767,22.950,,FIN,01/01/1980,060,316
HANKO / HANGO,71,59.823,22.977,,FIN,24/01/2017,060,331
SKURU,142,60.100,23.550,,FIN,13/09/1988,060,344
HELSINKI,14,60.154,24.956,,FIN,24/01/2017,060,351
"PORVOO, EMASALO",2269,60.206,25.625,,FIN,24/01/2017,060,353
SODERSKAR,29,60.117,25.417,,FIN,01/01/1980,060,354
KOTKA,164,60.450,26.950,,FIN,01/01/1980,060,358
HAMINA,315,60.563,27.179,,FIN,24/01/2017,060,361
SUR SARI,227,60.083,26.983,,RUS,01/01/1980,080,001
VYBORG,83,60.700,28.733,,RUS,01/01/1980,080,002
PRIMORSK,237,60.350,28.617,,RUS,01/01/1980,080,004
PIONERSKY,1719,54.700,20.483,,RUS,19/07/1995,080,179
KALININGRAD,289,54.950,20.217,97,RUS,29/06/1988,080,181
TALLINN,321,59.450,24.800,,EST,01/01/1980,082,011
VILSANDI,322,58.383,21.817,,EST,01/01/1980,082,021
DAUGAVGRIVA,37,57.050,24.033,,LVA,01/01/1980,083,081
LIEPAJA,26,56.533,20.983,,LVA,30/03/2016,083,151
KLAIPEDA,118,55.700,21.133,,LTU,17/07/2012,084,161
GDANSK/NOWY PORT,64,54.400,18.683,,POL,19/10/2001,110,022
GDYNIA,364,54.533,18.550,,POL,01/01/1980,110,032
HEL,146,54.600,18.800,,POL,30/03/2016,110,042
WLADYSLAWOWO,645,54.800,18.417,,POL,19/10/2001,110,047
USTKA,644,54.583,16.867,,POL,19/10/2001,110,057
KOLOBRZEG,643,54.183,15.550,,POL,19/10/2001,110,072
SWINOUJSCIE,2,53.917,14.233,,POL,19/10/2001,110,092
KOSEROW,1448,54.060,14.001,,DEU,01/09/2016,120,001
SASSNITZ,397,54.511,13.643,,DEU,01/09/2016,120,004
WARNEMUNDE 2,11,54.170,12.103,,DEU,01/09/2016,120,012
WISMAR 2,8,53.899,11.458,,DEU,08/12/2016,120,022
TRAVEMUNDE,13,53.958,10.872,,DEU,08/12/2016,125,001
KIEL-HOLTENAU,789,54.372,10.157,,DEU,08/12/2016,125,021
GEDSER,120,54.573,11.926,,DNK,12/09/2013,130,001
RODBYHAVN,762,54.656,11.349,,DNK,12/09/2013,130,011
TEJN,1812,55.250,14.838,,DNK,12/09/2013,130,016
KOBENHAVN,82,55.705,12.600,,DNK,12/09/2013,130,021
HORNBAEK,119,56.091,12.458,,DNK,12/09/2013,130,031
KORSOR,113,55.332,11.142,,DNK,12/09/2013,130,041
SLIPSHAVN,98,55.288,10.828,,DNK,12/09/2013,130,051
MOMMARK,271,54.933,10.067,,DNK,01/01/1980,130,061
FYNSHAV,1197,54.995,9.987,,DNK,12/09/2013,130,062
FREDERICIA,81,55.561,9.754,,DNK,11/09/2013,130,071
AARHUS,76,56.147,10.224,,DNK,11/09/2013,130,081
FREDERIKSHAVN,91,57.436,10.549,,DNK,12/09/2013,130,091
HIRTSHALS,89,57.596,9.964,,DNK,12/09/2013,130,101
HANSTHOLM,703,57.119,8.596,,DNK,12/09/2013,130,111
ESBJERG,80,55.461,8.441,,DNK,11/09/2013,130,121
AMRUM (WITTDUEN),1036,54.617,8.383,,DEU,27/01/2016,140,002
CUXHAVEN 2,7,53.867,8.717,284,DEU,27/01/2016,140,012
BORKUM (FISCHERBALJE),1037,53.558,6.748,,DEU,27/01/2016,140,016
DELFZIJL,24,53.326,6.933,,NLD,14/06/2016,150,001
WEST-TERSCHELLING,236,53.363,5.220,,NLD,14/06/2016,150,011
HARLINGEN,25,53.176,5.409,,NLD,14/06/2016,150,021
DEN HELDER,23,52.964,4.745,,NLD,14/06/2016,150,031
IJMUIDEN,32,52.462,4.555,,NLD,14/06/2016,150,041
HOEK VAN HOLLAND,22,51.978,4.120,,NLD,14/06/2016,150,051
MAASSLUIS,9,51.918,4.250,,NLD,14/06/2016,150,061
ROOMPOT BUITEN,1551,51.620,3.682,,NLD,14/06/2016,150,090
VLISSINGEN,20,51.442,3.596,,NLD,14/06/2016,150,101
ZEEBRUGGE,470,51.350,3.200,,BEL,26/07/2016,160,011
OOSTENDE,413,51.233,2.917,,BEL,26/07/2016,160,021
NIEUWPOORT,489,51.150,2.733,,BEL,26/07/2016,160,031
LERWICK,830,60.154,-1.140,236,GBR,31/05/2016,170,001
WICK,1109,58.441,-3.086,,GBR,31/05/2016,170,005
INVERGORDON,944,57.683,-4.167,,GBR,01/01/1980,170,007
BUCKIE,1281,57.667,-2.967,,GBR,07/04/1992,170,009
ABERDEEN I,361,57.144,-2.077,,GBR,31/05/2016,170,011
ABERDEEN II,21,57.150,-2.083,,GBR,01/01/1980,170,012
ROSYTH,1074,56.017,-3.450,,GBR,29/03/1994,170,027
LEITH,802,55.983,-3.167,,GBR,04/08/1989,170,031
LEITH II,1526,55.990,-3.182,,GBR,31/05/2016,170,032
DUNBAR,190,56.000,-2.517,,GBR,01/01/1980,170,041
NORTH SHIELDS,95,55.007,-1.440,,GBR,31/05/2016,170,053
WHITBY,1505,54.490,-0.615,,GBR,31/05/2016,170,056
IMMINGHAM,286,53.630,-0.187,,GBR,06/05/2015,170,061
CROMER,1632,52.934,1.302,,GBR,31/05/2016,170,066
LOWESTOFT,754,52.473,1.750,,GBR,31/05/2016,170,068
FELIXSTOWE,214,51.958,1.347,,GBR,14/05/2012,170,071
HARWICH,742,51.948,1.292,,GBR,31/05/2016,170,073
WALTON ON THE NAZE,1224,51.850,1.267,,GBR,20/02/1991,170,074
SOUTHEND,334,51.514,0.724,,GBR,17/05/2016,170,081
TILBURY,335,51.467,0.367,,GBR,20/02/1991,170,083
TOWER PIER,336,51.500,0.083,,GBR,18/10/2016,170,092
SHEERNESS,3,51.446,0.743,,GBR,31/05/2016,170,101
HERNE BAY,2276,51.382,1.116,,GBR,08/03/2016,170,102
DEAL,2277,51.224,1.409,,GBR,08/03/2016,170,108
DOVER,255,51.114,1.323,,GBR,31/05/2016,170,111
NEWHAVEN,1548,50.782,0.057,,GBR,31/05/2016,170,119
PORTSMOUTH,350,50.802,-1.111,,GBR,31/05/2016,170,131
ARUN PLATFORM,2280,50.770,-0.492,,GBR,08/03/2016,170,132
SANDOWN PIER,2278,50.651,-1.153,,GBR,08/03/2016,170,134
LYMINGTON,2281,50.740,-1.507,,GBR,28/09/2016,170,136
SWANAGE PIER,2279,50.609,-1.949,,GBR,08/03/2016,170,138
BOURNEMOUTH,1878,50.714,-1.875,,GBR,02/07/2014,170,146
WEYMOUTH,1773,50.609,-2.448,,GBR,31/05/2016,170,150
WEST BAY HARBOUR,2282,50.709,-2.764,,GBR,28/09/2016,170,152
TEIGNMOUTH PIER,2283,50.544,-3.492,,GBR,08/03/2016,170,154
DEVONPORT,982,50.368,-4.185,,GBR,31/05/2016,170,157
NEWLYN,202,50.103,-5.543,241,GBR,31/05/2016,170,161
PORT ISAAC,2284,50.594,-4.834,,GBR,08/03/2016,170,162
ST. MARYS,1855,49.918,-6.317,,GBR,31/05/2016,170,163
ILFRACOMBE,1214,51.211,-4.112,,GBR,31/05/2016,170,166
HINKLEY POINT,1758,51.211,-3.131,,GBR,31/05/2016,170,168
PORTBURY,2011,51.500,-2.728,,GBR,31/05/2016,170,170
AVONMOUTH,257,51.508,-2.713,,GBR,27/01/2016,170,171
SEVERN BRIDGE,2285,51.570,-2.700,,GBR,08/03/2016,170,172
NEWPORT,1832,51.550,-2.987,,GBR,31/05/2016,170,173
SWANSEA,967,51.617,-3.917,,GBR,25/10/1989,170,178
MUMBLES,1732,51.570,-3.975,,GBR,06/05/2015,170,179
MILFORD HAVEN (NEWTON NOYES),66,51.700,-5.017,,GBR,20/02/1987,170,181
MILFORD HAVEN (HAKIN),1700,51.707,-5.052,,GBR,31/05/2016,170,182
FISHGUARD,939,52.013,-4.984,,GBR,18/03/1991,170,183
FISHGUARD II,1731,52.013,-4.984,,GBR,31/05/2016,170,184
BARMOUTH,1771,52.719,-4.045,,GBR,31/05/2016,170,187
HOLYHEAD,5,53.314,-4.620,,GBR,31/05/2016,170,191
LLANDUDNO,1854,53.332,-3.825,,GBR,31/05/2016,170,196
BIRKENHEAD (ALFRED DOCK),765,53.400,-3.017,,GBR,25/06/1992,170,201
LIVERPOOL GEORGES AND PRINCES PIERS,15,53.400,-3.000,,GBR,27/01/2016,170,211
LIVERPOOL (GLADSTONE DOCK),1774,53.450,-3.018,,GBR,31/05/2016,170,214
HEYSHAM,936,54.032,-2.920,,GBR,31/05/2016,170,225
WORKINGTON,1794,54.651,-3.567,,GBR,31/05/2016,170,228
DOUGLAS,435,54.150,-4.467,,IMN,07/04/1992,170,231
PORT ERIN,1793,54.085,-4.768,,IMN,31/05/2016,170,233
PORTPATRICK,1215,54.843,-5.120,,GBR,02/07/2012,170,236
MILLPORT,755,55.750,-4.906,,GBR,31/05/2016,170,241
ISLAY (PORT ELLEN),1772,55.628,-6.190,,GBR,14/05/2012,170,244
TOBERMORY,1491,56.623,-6.064,,GBR,31/05/2016,170,246
ULLAPOOL,1112,57.895,-5.158,,GBR,31/05/2016,170,249
STORNOWAY,314,58.208,-6.389,238,GBR,31/05/2016,170,251
KINLOCHBERVIE,1775,58.457,-5.050,,GBR,31/05/2016,170,255
PORTRUSH,1867,55.207,-6.657,,GBR,31/05/2016,170,261
BELFAST,861,54.600,-5.917,,GBR,01/01/1980,170,271
BELFAST 2,219,54.600,-5.917,,GBR,31/05/1989,170,272
BANGOR,1856,54.665,-5.669,,GBR,31/05/2016,170,281
MALIN HEAD,916,55.367,-7.333,239,IRL,15/01/2004,175,011
DUBLIN,432,53.350,-6.217,,IRL,28/02/2013,175,071
ST HELIER (JERSEY) 2,1795,49.183,-2.117,,JEY,31/05/2016,180,002
DUNKERQUE,468,51.048,2.367,,FRA,30/08/2016,190,001
CALAIS,455,50.969,1.868,,FRA,30/08/2016,190,011
BOULOGNE,471,50.728,1.577,,FRA,30/08/2016,190,021
DIEPPE,474,49.929,1.084,,FRA,30/08/2016,190,031
ANTIFER,1383,49.650,0.150,,FRA,01/01/1980,190,046
LE HAVRE,453,49.482,0.106,,FRA,30/08/2016,190,051
CHERBOURG,467,49.651,-1.636,,FRA,30/08/2016,190,061
ST. MALO,454,48.641,-2.028,,FRA,30/08/2016,190,071
ROSCOFF,1347,48.718,-3.966,,FRA,30/08/2016,190,086
LE CONQUET,1294,48.359,-4.781,,FRA,30/08/2016,190,089
BREST,1,48.383,-4.495,242,FRA,30/08/2016,190,091
CONCARNEAU,1301,47.874,-3.907,,FRA,23/06/2016,190,096
PORT TUDY,1247,47.644,-3.446,,FRA,30/08/2016,190,103
LE CROUESTY,1921,47.543,-2.895,,FRA,30/08/2016,190,105
ST. NAZAIRE,457,47.270,-2.200,,FRA,30/08/2016,190,111
POINTE ST. GILDAS,1078,47.133,-2.250,,FRA,07/09/1990,190,113
LES SABLES D OLONNE,1747,46.498,-1.794,,FRA,23/06/2016,190,116
LA ROCHELLE-LA PALLICE,466,46.158,-1.221,,FRA,30/08/2016,190,121
PORT BLOC,1915,45.569,-1.062,,FRA,30/08/2016,190,126
LE VERDON,459,45.550,-1.067,,FRA,01/01/1980,190,131
BOUCAU,1801,43.527,-1.515,,FRA,30/08/2016,190,139
ARCACHON-EYRAC,1918,44.665,-1.164,,FRA,30/08/2016,190,140
ST JEAN DE LUZ (SOCOA),469,43.395,-1.682,,FRA,20/07/2015,190,141
PASAJES,561,43.317,-1.917,,ESP,01/01/1980,200,001
BILBAO,1806,43.352,-3.045,,ESP,03/01/2017,200,006
SANTANDER I,485,43.461,-3.791,,ESP,24/02/2016,200,011
SANTANDER II,1051,43.467,-3.767,,ESP,01/01/1980,200,012
SANTANDER III,1807,43.461,-3.791,,ESP,03/01/2017,200,013
GIJON II,1871,43.558,-5.698,,ESP,03/01/2017,200,022
LA CORUNA I,484,43.369,-8.398,243,ESP,24/02/2016,200,030
LA CORUNA II,763,43.367,-8.400,243,ESP,30/11/1998,200,031
LA CORUNA III,1808,43.357,-8.389,243,ESP,03/01/2017,200,032
LANGOSTEIRA,2308,43.347,-8.530,,ESP,10/01/2017,200,033
FERROL 2,2053,43.476,-8.249,,ESP,03/01/2017,200,035
VILLAGARCIA,1897,42.600,-8.767,,ESP,03/01/2017,200,036
MARIN,2181,42.406,-8.691,,ESP,10/01/2017,200,038
VIGO,483,42.238,-8.731,,ESP,01/03/2016,200,041
VIGO II,1898,42.243,-8.726,,ESP,03/01/2017,200,042
VIANA,1482,41.683,-8.833,,PRT,09/11/1998,210,011
LEIXOES,791,41.183,-8.700,,PRT,09/11/1998,210,012
AVEIRO,1402,40.650,-8.750,,PRT,06/11/1998,210,013
CASCAIS,52,38.683,-9.417,246,PRT,27/01/2016,210,021
LISBON,1336,38.700,-9.133,,PRT,30/11/1988,210,023
SETROIA,1425,38.500,-8.900,,PRT,09/11/1998,210,026
SINES,1456,37.950,-8.883,,PRT,09/11/1998,210,028
LAGOS,162,37.100,-8.667,,PRT,27/01/2016,210,031
GIBRALTAR,981,36.148,-5.365,248,GIB,01/09/2014,215,001
CADIZ II,209,36.533,-6.317,,ESP,26/06/2013,220,002
CADIZ III,985,36.540,-6.286,,ESP,24/02/2016,220,003
HUELVA,1883,37.132,-6.834,,ESP,03/01/2017,220,005
BONANZA,1809,36.802,-6.338,,ESP,04/01/2017,220,008
SEVILLA-ESCLUSA,2047,37.332,-5.995,,ESP,17/04/2013,220,010
ALGECIRAS,490,36.117,-5.433,,ESP,20/11/2006,220,011
ALGECIRAS B,2117,36.121,-5.437,,ESP,24/02/2016,220,012
ALGECIRAS 2,2055,36.177,-5.398,,ESP,04/01/2017,220,015
TARIFA,488,36.009,-5.603,,ESP,24/02/2016,220,021
TARIFA 2,2054,36.006,-5.604,,ESP,04/01/2017,220,024
MALAGA,496,36.713,-4.415,,ESP,27/04/2015,220,031
MALAGA II,1810,36.712,-4.417,,ESP,04/01/2017,220,032
MOTRIL 2,1940,36.720,-3.524,,ESP,04/01/2017,220,035
ALMERIA,1455,36.833,-2.483,,ESP,11/11/1998,220,041
ALMERIA 2,2056,36.830,-2.478,,ESP,04/01/2017,220,044
CARTAGENA,1460,37.600,-0.967,,ESP,07/04/1989,220,046
ALICANTE I,208,38.333,-0.483,,ESP,11/11/1998,220,051
ALICANTE II,960,38.333,-0.483,,ESP,11/11/1998,220,052
VALENCIA,1813,39.442,-0.311,,ESP,04/01/2017,220,056
GANDIA,2058,38.995,-0.151,,ESP,04/01/2017,220,058
SAGUNTO,2059,39.634,-0.206,,ESP,04/01/2017,220,060
BARCELONA,1811,41.342,2.166,,ESP,04/01/2017,220,061
TARRAGONA,2182,41.079,1.213,,ESP,10/01/2017,220,062
L'ESTARTIT,1764,42.050,3.200,,ESP,17/05/2016,220,081
PALMA,1087,39.550,2.620,,ESP,22/06/2011,225,001
PALMA DE MALLORCA,1892,39.551,2.639,,ESP,24/02/2016,225,011
PALMA DE MALLORCA 2,2061,39.560,2.637,,ESP,04/01/2017,225,012
ALCUDIA,2063,39.835,3.139,,ESP,04/01/2017,225,014
MAHON,2062,39.893,4.271,,ESP,04/01/2017,225,016
IBIZA,1932,38.911,1.450,,ESP,04/01/2017,225,021
FORMENTERA,2060,38.735,1.419,,ESP,04/01/2017,225,022
PORT VENDRES,1469,42.520,3.107,,FRA,30/08/2016,230,006
SETE,958,43.398,3.699,,FRA,30/08/2016,230,021
MARSEILLE,61,43.279,5.354,205,FRA,30/08/2016,230,051
TOULON,980,43.113,5.915,,FRA,30/08/2016,230,061
NICE,1468,43.696,7.286,,FRA,30/08/2016,230,081
AJACCIO,1929,41.923,8.763,,FRA,30/08/2016,232,001
MONACO (FONTVIEILLE),788,43.729,7.421,,MCO,30/08/2016,233,011
LA MADDALENA,109,41.233,9.367,,ITA,01/01/1980,240,001
PORTO TORRES,2084,40.842,8.404,,ITA,18/10/2016,240,006
CAGLIARI,104,39.200,9.167,,ITA,01/01/1980,240,011
CAGLIARI II,2089,39.210,9.114,,ITA,07/05/2015,240,012
CARLOFORTE,2076,39.148,8.309,,ITA,18/10/2016,240,015
PORTO MAURIZIO,108,43.867,8.017,,ITA,01/01/1980,250,001
IMPERIA,2078,43.878,8.019,,ITA,18/10/2016,250,006
GENOVA,59,44.400,8.900,,ITA,27/01/2016,250,011
GENOVA II,2090,44.410,8.926,,ITA,30/08/2016,250,012
LIVORNO II,2080,43.546,10.299,,ITA,18/10/2016,250,026
CIVITAVECCHIA,106,42.050,11.817,,ITA,01/01/1980,250,031
NAPOLI (ARSENALE),129,40.867,14.267,,ITA,01/01/1980,250,041
NAPOLI II,2092,40.841,14.269,,ITA,18/10/2016,250,046
NAPOLI (MANDRACCIO),105,40.867,14.267,,ITA,01/01/1980,250,051
SALERNO,2086,40.677,14.751,,ITA,07/05/2015,250,056
PALINURO,2082,40.030,15.275,,ITA,18/10/2016,250,058
REGGIO CALABRIA,670,38.100,15.650,,ITA,01/01/1980,250,061
REGGIO CALABRIA II,2142,38.122,15.649,,ITA,18/10/2016,250,062
"PORTO EMPEDOCLE, SICILY",2083,37.286,13.527,,ITA,18/10/2016,260,006
PALERMO,107,38.133,13.333,,ITA,01/01/1980,260,011
PALERMO II,2093,38.121,13.371,,ITA,18/10/2016,260,012
LAMPEDUSA,2079,35.500,12.604,,ITA,18/10/2016,260,025
CAPO PASSERO,873,36.667,15.300,,ITA,01/01/1980,260,028
CATANIA,102,37.500,15.133,,ITA,01/01/1980,260,031
CATANIA II,2094,37.498,15.094,,ITA,18/10/2016,260,032
MARSAXLOKK (FORMALLY VALLETTA),1735,35.820,14.533,,MLT,23/06/2016,265,001
TARANTO,103,40.433,17.267,,ITA,01/01/1980,270,006
TARANTO II,2095,40.476,17.224,,ITA,18/10/2016,270,007
OTRANTO,990,40.133,18.500,,ITA,01/01/1980,270,011
OTRANTO II,2096,40.147,18.497,,ITA,18/10/2016,270,012
BARI,2075,41.140,16.866,,ITA,18/10/2016,270,017
MANFREDONIA,1262,41.617,15.917,,ITA,01/01/1980,270,019
VIESTE,2087,41.888,16.177,,ITA,18/10/2016,270,022
ORTONA,972,42.350,14.400,,ITA,01/01/1980,270,026
ORTONA II,2097,42.356,14.415,,ITA,18/10/2016,270,028
ANCONA,101,43.583,13.483,,ITA,01/01/1980,270,030
ANCONA II,2098,43.625,13.507,,ITA,18/10/2016,270,032
PORTO CORSINI,100,44.500,12.283,,ITA,01/01/1980,270,035
PORTO GARIBALDI,2144,44.678,12.249,,ITA,24/05/2016,270,037
VENEZIA (ARSENALE),87,45.417,12.350,,ITA,01/01/1980,270,041
VENEZIA II,2100,45.418,12.427,,ITA,18/10/2016,270,046
VENEZIA (S.STEFANO),39,45.417,12.333,,ITA,11/04/2000,270,051
VENEZIA (PUNTA DELLA SALUTE),168,45.433,12.333,,ITA,27/01/2016,270,054
TRIESTE,154,45.647,13.758,340,ITA,22/03/2016,270,061
TRIESTE II,2099,45.649,13.758,,ITA,18/10/2016,270,062
KOPER,1009,45.567,13.750,,SVN,18/12/1997,279,002
LUKA KOPER,1817,45.567,13.750,,SVN,13/03/2007,279,003
ROVINJ,761,45.083,13.628,,HRV,17/05/2016,280,006
BAKAR,353,45.300,14.533,,HRV,01/10/2015,280,011
ZADAR,1859,44.123,15.235,,HRV,17/05/2016,280,013
GAZENICA,1577,44.083,15.267,,HRV,31/05/1990,280,014
ZLARIN,1578,43.700,15.667,,HRV,31/05/1990,280,017
SPLIT RT MARJANA,685,43.508,16.392,,HRV,13/05/2013,280,021
SPLIT - GRADSKA LUKA,352,43.507,16.442,,HRV,17/05/2016,280,031
VIS-CESKA VILA,1574,43.067,16.200,,HRV,03/02/1993,280,040
SUCURAJ,1706,43.133,17.200,,HRV,12/05/2008,280,046
UBLI,1718,42.750,16.833,,HRV,03/02/1993,280,056
PLOCE,1945,43.050,17.417,,HRV,17/05/2016,280,075
DUBROVNIK,760,42.658,18.063,,HRV,17/05/2016,280,081
BAR,1075,42.083,19.083,,MNE,03/02/1993,281,011
PREVEZA,410,38.959,20.757,,GRC,14/06/2016,290,001
LEVKAS,1239,38.835,20.712,,GRC,14/06/2016,290,004
POSIDHONIA,409,37.951,22.960,,GRC,14/06/2016,290,011
PATRAI,1250,38.417,21.729,,GRC,07/08/2013,290,014
KATAKOLON,1240,37.645,21.320,,GRC,14/06/2016,290,017
KALAMAI,411,37.024,22.116,,GRC,14/06/2016,290,021
NORTH SALAMINOS II,1938,37.980,23.534,,GRC,12/08/2013,290,029
NORTH SALAMINOS,1604,37.980,23.542,,GRC,07/08/2013,290,030
PIRAIEVS,374,37.937,23.627,,GRC,14/06/2016,290,031
RAFINA,1695,38.033,24.000,,GRC,28/11/1994,290,032
KHALKIS SOUTH,1441,38.461,23.589,,GRC,14/06/2016,290,033
KHALKIS NORTH,1237,38.472,23.593,,GRC,14/06/2016,290,034
SKOPELOS,1907,39.124,23.729,,GRC,12/08/2013,290,037
THESSALONIKI,373,40.633,22.935,,GRC,14/06/2016,290,051
KAVALLA,375,40.935,24.412,,GRC,07/08/2013,290,061
ALEXANDROUPOLIS,1238,40.844,25.878,,GRC,14/06/2016,290,065
KHIOS,408,38.372,26.141,,GRC,14/06/2016,290,071
SIROS,1234,37.440,24.946,,GRC,14/06/2016,290,081
LEROS,1233,37.130,26.848,,GRC,14/06/2016,290,091
SOUDHAS,1232,35.487,24.082,,GRC,12/08/2013,290,097
SOUDHAS II,2067,35.487,24.082,,GRC,14/06/2016,290,099
IRAKLION,634,35.348,25.153,,GRC,18/07/2013,290,101
IRAKLION II,2165,35.348,25.153,,GRC,14/06/2016,290,102
CORFU ( KERKYRA ),1933,39.628,19.905,,GRC,14/06/2016,290,103
SAMOS ISLAND - VATHI,1941,37.755,26.976,,GRC,08/05/2014,290,105
RHODOS,1243,36.442,28.236,,GRC,07/08/2013,290,110
RHODOS II,2167,36.442,28.236,,GRC,05/07/2016,290,112
BOURGAS,317,42.483,27.483,,BGR,27/08/1997,295,021
VARNA,318,43.183,27.917,,BGR,27/08/1997,295,051
CONSTANTZA,379,44.167,28.667,,ROU,01/07/1998,297,021
SEVASTOPOL,42,44.617,33.533,,UKR,03/02/1998,298,041
TUAPSE,215,44.100,39.067,98,RUS,17/01/2017,300,001
POTI,41,42.167,41.683,,GEO,21/06/2016,305,021
BATUMI,51,41.633,41.700,,GEO,06/07/2016,305,031
TRABZON II,1927,41.000,39.733,,TUR,28/06/2010,310,013
IGNEDA,1926,41.883,28.017,,TUR,09/07/2013,310,018
AMASRA,1919,41.433,32.233,,TUR,24/06/2010,310,026
MARMARA EREGLISI,2010,40.967,27.967,,TUR,28/06/2010,310,037
ERDEK,1598,40.383,27.850,,TUR,09/07/2013,310,038
MENTES/IZMIR,1679,38.433,26.717,,TUR,09/07/2013,310,042
BODRUM II,1680,37.033,27.417,,TUR,09/07/2013,310,046
ANTALYA II,1681,36.833,30.617,,TUR,09/07/2013,310,052
ISKENDERUN II,2020,36.594,36.181,,TUR,28/06/2010,310,066
ERDEMLI,2009,36.567,34.250,,TUR,28/06/2010,310,071
FAMAGUSTA,436,35.117,33.950,,CYP,09/11/1989,315,001
GIRNE,1911,35.350,33.333,,CYP,12/06/2012,315,010
AKKO,2218,32.919,35.070,,ISR,03/05/2016,320,009
HAIFA II,2221,32.829,34.991,,ISR,03/05/2016,320,010
HADERA,1797,32.470,34.863,80,ISR,07/11/2012,320,016
TEL AVIV,1880,32.083,34.767,,ISR,03/07/2012,320,019
TEL AVIV - YAFO,2147,32.053,34.750,,ISR,03/05/2016,320,020
ASHDOD II,2219,31.831,34.641,,ISR,03/05/2016,320,033
ASHKLON,2220,31.682,34.557,,ISR,03/05/2016,320,035
PORT SAID,253,31.250,32.300,,EGY,01/01/1980,330,001
ALEXANDRIA,503,31.217,29.917,349,EGY,18/09/2013,330,071
CEUTA,498,35.892,-5.316,249,ESP,24/02/2016,340,001
MELILLA,2057,35.291,-2.929,,ESP,04/01/2017,340,003
VILLA SANJURJO,506,35.250,-3.917,,MAR,01/01/1980,350,004
PONTA DELGADA,258,37.736,-25.671,245,PRT,23/06/2016,360,001
ANGRA DO HEROISMO,380,38.650,-27.233,,PRT,04/11/1998,360,011
LAJES DAS FLORES,2171,39.378,-31.169,,PRT,23/06/2016,360,036
SANTA CRUZ DAS FLORES,843,39.450,-31.117,244,PRT,10/08/2016,360,041
FUNCHAL,1030,32.644,-16.913,250,PRT,14/04/2009,365,001
FUNCHAL II,2024,32.651,-17.118,250,PRT,16/12/2015,365,010
ARRECIFE,593,28.972,-13.530,,ESP,24/02/2016,370,001
ARRECIFE-D,1710,28.950,-13.567,,ESP,15/05/2002,370,004
FUERTEVENTURA,2048,28.493,-13.858,,ESP,04/01/2017,370,006
HIERRO,2051,27.784,-17.902,,ESP,04/01/2017,370,009
ARRECIFE 2,2066,28.972,-13.530,,ESP,04/01/2017,370,010
SANTA CRUZ DE LA PALMA,585,28.683,-17.750,,ESP,01/01/1980,370,011
SANTA CRUZ DE LA PALMA B,568,28.672,-17.769,,ESP,24/02/2016,370,015
LA PALMA,2064,28.678,-17.768,,ESP,04/01/2017,370,018
LA GOMERA,2065,28.088,-17.108,,ESP,04/01/2017,370,020
SANTA CRUZ DE TENERIFE I,303,28.483,-16.233,,ESP,17/11/1993,370,021
TENERIFE,1803,28.483,-16.233,,ESP,04/01/2017,370,032
GRANADILLA,2050,28.085,-16.490,,ESP,24/01/2013,370,034
"LAS PALMAS, PUERTO DE LA LUZ",590,28.167,-15.417,251,ESP,25/11/1993,370,041
LAS PALMAS C (PUERTO DE LA LUZ),565,28.147,-15.408,251,ESP,24/02/2016,370,045
LAS PALMAS D,1802,28.141,-15.412,251,ESP,04/01/2017,370,046
ARINAGA,2049,27.847,-15.401,,ESP,24/01/2013,370,048
PORTO GRANDE (ST. VINCENT) 2,1769,16.883,-25.000,,CPV,09/11/1998,380,002
PALMEIRA,1914,16.750,-22.983,329,CPV,06/01/2016,380,021
DAKAR,476,14.633,-17.450,253,SEN,01/01/1980,390,001
DAKAR 2,1816,14.683,-17.417,253,SEN,03/11/2015,390,002
ENGLISH BAY (ASCENSION ISLAND),1831,-7.893,-14.386,263,SHN,02/10/2014,402,001
ABIDJAN,1313,5.250,-4.000,257,CIV,01/01/1980,405,001
TAKORADI,331,4.885,-1.745,335,GHA,15/03/2013,410,001
TEMA,1049,5.617,0.000,,GHA,01/01/1980,410,016
FORCADOS,389,5.350,5.350,,NGA,05/10/1992,420,011
POINTE NOIRE,938,-4.783,11.833,261,COG,25/11/1993,424,021
JAMESTOWN LANDING STEPS,1845,-15.921,-5.718,264,SHN,03/06/2014,425,001
WALVIS BAY,914,-22.949,14.499,314,NAM,05/04/2016,427,001
LUDERITZ,911,-26.643,15.155,,NAM,05/04/2016,427,011
PORT NOLLOTH,836,-29.257,16.868,,ZAF,05/04/2016,430,021
STOMPNEUS BAY,882,-32.717,17.983,,ZAF,01/01/1980,430,031
SALAMANDER,1427,-33.067,18.000,,ZAF,02/10/1995,430,037
CAPE TOWN (GRANGER BAY),1195,-33.905,18.435,,ZAF,19/04/2016,430,045
TABLE BAY HARBOUR,866,-33.917,18.433,,ZAF,27/03/2013,430,051
SIMONS BAY,826,-34.188,18.440,268,ZAF,05/04/2016,430,061
HERMANUS,928,-34.433,19.233,,ZAF,01/01/1980,430,071
MOSSEL BAY,910,-34.179,22.135,,ZAF,19/04/2016,430,081
KNYSNA,950,-34.049,23.046,,ZAF,05/04/2016,430,086
PORT ELIZABETH,820,-33.951,25.630,76,ZAF,05/04/2016,430,088
EAST LONDON,1192,-33.027,27.932,,ZAF,05/04/2016,430,090
DURBAN,284,-29.874,31.051,13,ZAF,05/04/2016,430,091
RICHARDS BAY,1443,-28.812,32.079,,ZAF,05/04/2016,430,095
MAPUTO,986,-25.967,32.567,,MOZ,12/10/2005,432,001
MOZAMBIQUE ISLAND,1054,-15.033,40.733,,MOZ,01/01/1980,432,021
DZAOUDZI,1642,-12.782,45.258,96,MYT,30/08/2016,438,001
NOSY-BE,926,-13.400,48.283,15,MDG,01/01/1980,440,001
POINT LA RUE,1846,-4.667,55.533,339,SYC,03/11/2015,442,007
GRAND PORT,930,-20.367,57.750,,MUS,01/01/1980,450,001
PORT LOUIS,477,-20.150,57.500,18,MUS,12/06/1991,450,011
PORT LOUIS II,1673,-20.150,57.500,18,MUS,17/01/2017,450,012
RODRIGUES IS,1672,-19.667,63.417,19,MUS,17/01/2017,450,021
POINTE DES GALETS,1501,-20.935,55.285,17,REU,30/08/2016,451,001
DIEGO GARCIA-C,1740,-7.283,72.400,26,IOT,17/10/2002,453,003
DIEGO GARCIA D,2190,-7.290,72.393,26,IOT,23/06/2014,453,005
GAN II,1707,-0.683,73.150,27,MDV,29/10/2015,454,002
"MALE-B, HULULE",1753,4.183,73.533,28,MDV,15/10/2013,454,011
ZANZIBAR,1600,-6.150,39.183,297,TZA,03/11/2015,460,016
MOMBASA II,2183,-4.067,39.650,8,KEN,28/10/2015,470,002
LAMU B,2198,-2.272,40.903,,KEN,28/10/2015,470,014
PORT SUDAN,1690,19.633,37.117,,SDN,27/02/1995,477,001
EILAT NORTH,2148,29.545,34.952,,ISR,09/04/2014,480,015
EILAT SOUTH,2149,29.502,34.918,,ISR,03/05/2016,480,021
MINA SULMAN,1494,26.233,50.600,,BHR,17/01/2012,482,019
ADEN,44,12.788,44.974,3,YEM,01/02/2016,485,001
SALALAH,1754,16.933,54.000,4,OMN,13/01/2016,487,001
MASIRAH,1887,20.683,58.867,,OMN,29/10/2015,487,012
MUSCAT,1716,23.633,58.567,,OMN,15/10/2013,487,021
MUSCAT B,2185,23.628,58.565,,OMN,28/10/2015,487,022
CHABAHAR II,2228,25.296,60.603,337,IRN,23/07/2014,489,052
KARACHI,204,24.812,66.975,30,PAK,27/01/2016,490,021
KANDLA,596,23.017,70.217,,IND,27/01/2016,500,011
VADINAR,1943,22.450,69.683,,IND,23/08/2016,500,013
OKHA,1395,22.467,69.083,,IND,23/08/2016,500,014
VERAVAL,770,20.900,70.367,31,IND,27/01/2016,500,021
BHAUNAGAR I,420,21.800,72.300,,IND,01/01/1980,500,030
BHAUNAGAR II,804,21.750,72.233,,IND,01/01/1980,500,031
MUMBAI / BOMBAY (APOLLO BANDAR),43,18.917,72.833,,IND,27/01/2016,500,041
BOMBAY (PRINCES DOCK),212,18.950,72.833,,IND,01/01/1980,500,051
MARMAGAO,1249,15.417,73.800,281,IND,23/08/2016,500,065
KARWAR,1273,14.800,74.117,,IND,23/08/2016,500,067
MANGALORE (PANAMBURU),1423,12.917,74.800,,IND,23/08/2016,500,070
MANGALORE,696,12.850,74.833,,IND,27/01/2016,500,071
COCHIN (WILLINGDON IS.),438,9.967,76.267,32,IND,23/08/2016,500,081
TUTICORIN,1072,8.750,78.200,,IND,23/08/2016,500,083
TANGACHCHIMADAM,1258,9.283,79.250,,IND,21/03/1990,500,085
NAGAPPATTINAM,1308,10.767,79.850,,IND,23/08/2016,500,087
CHENNAI / MADRAS,205,13.100,80.300,34,IND,23/08/2016,500,091
VISHAKHAPATNAM,414,17.683,83.283,35,IND,23/08/2016,500,101
PARADIP,1161,20.267,86.700,,IND,23/08/2016,500,106
GANGRA,1369,21.950,88.017,,IND,15/04/2009,500,109
HALDIA,1270,22.033,88.100,,IND,23/08/2016,500,110
SAUGOR/SAGAR,417,21.650,88.050,,IND,27/01/2016,500,111
DUBLAT (SAUGOR IS.),49,21.633,88.133,,IND,01/01/1980,500,121
DIAMOND HARBOUR,543,22.200,88.167,,IND,23/08/2016,500,131
CALCUTTA (GARDEN REACH),369,22.550,88.300,,IND,23/08/2016,500,141
KIDDERPORE,48,22.533,88.333,,IND,01/01/1980,500,151
TRIBENI,1002,22.983,88.400,,IND,16/12/2008,500,161
HIRON POINT,1451,21.783,89.467,,BGD,08/06/2005,510,003
CHARCHANGA,1496,22.217,91.050,36,BGD,17/06/2013,510,008
CHITTAGONG A,2196,22.247,91.825,36,BGD,15/10/2015,510,026
KHEPUPARA,1454,21.833,89.833,,BGD,17/10/2002,510,037
COX'S BAZAAR,1476,21.450,91.833,,BGD,17/06/2013,510,041
AKYAB,421,20.133,92.900,37,MMR,01/01/1980,530,001
RANGOON,210,16.767,96.167,,MMR,01/01/1980,530,011
MOULMEIN,747,16.483,97.617,141,MMR,01/01/1980,530,021
AMHERST,746,16.083,97.567,,MMR,01/01/1980,530,031
PORT BLAIR,206,11.683,92.767,38,IND,27/01/2016,540,001
KO TAPHAO NOI,446,7.833,98.433,42,THA,18/10/2016,545,001
PANWA CAPE,2230,7.801,98.406,,THA,02/07/2015,545,002
PULAU LANGKAWI,1676,6.431,99.764,,MYS,22/06/2016,550,002
PULAU PINANG,1595,5.422,100.347,,MYS,22/06/2016,550,003
LUMUT,1594,4.240,100.613,43,MYS,22/06/2016,550,005
PELABUHAN KELANG,1591,3.050,101.358,,MYS,22/06/2016,550,007
TANJUNG KELING,1593,2.215,102.153,,MYS,22/06/2016,550,009
KUKUP,1677,1.325,103.443,,MYS,22/06/2016,550,010
JOHOR BAHRU,248,1.462,103.792,,MYS,25/09/2014,550,011
TANJUNG SEDILI,1702,1.932,104.115,,MYS,22/06/2016,550,012
PULAU TIOMAN,1678,2.807,104.140,,MYS,22/06/2016,550,013
TANJUNG GELANG,1589,3.975,103.430,,MYS,22/06/2016,550,014
CENDERING,1592,5.265,103.187,293,MYS,22/06/2016,550,017
GETING,1703,6.226,102.107,,MYS,22/06/2016,550,021
VICTORIA DOCK,1183,1.267,103.850,44,SGP,26/05/1988,555,001
TANJONG PAGAR,1746,1.267,103.850,44,SGP,10/05/2016,555,002
KEPPEL HARBOUR,1534,1.267,103.817,44,SGP,09/06/1992,555,003
BUKOM,2032,1.226,103.778,,SGP,10/05/2016,555,010
RAFFLES LIGHT HOUSE,1351,1.167,103.750,,SGP,10/05/2016,555,011
UBIN,2068,1.419,103.928,,SGP,10/05/2016,555,015
TANJONG CHANGI,2033,1.390,103.999,,SGP,10/05/2016,555,020
SULTAN SHOAL,1248,1.233,103.650,,SGP,10/05/2016,555,021
TANAH MERAH,2034,1.312,103.988,,SGP,10/05/2016,555,030
JURONG,1275,1.300,103.717,,SGP,15/08/2005,555,031
TUAS (WEST JURONG),1894,1.283,103.667,,SGP,21/01/2014,555,035
SEMBAWANG,724,1.467,103.833,,SGP,10/05/2016,555,051
WEST COAST,1895,1.300,103.767,,SGP,10/05/2016,555,081
WEST TUAS,1896,1.344,103.634,,SGP,10/05/2016,555,091
SABANG,2195,5.888,95.317,347,IDN,28/10/2015,560,010
SIBOLGA II,1752,1.750,98.767,,IDN,28/10/2015,560,022
PADANG B,2193,-0.997,100.375,45,IDN,28/10/2015,560,033
CILACAP B,2199,-7.752,109.017,291,IDN,28/10/2015,560,123
PRIGI,2197,-8.280,111.730,,IDN,28/10/2015,560,132
BENOA B,2200,-8.747,115.212,49,IDN,28/10/2015,560,136
SAUMLAKI,2274,-7.982,131.290,,IDN,13/01/2016,560,138
BITUNG II,1709,1.433,125.200,69,IDN,28/10/2015,580,012
KO MATTAPHON,1792,10.450,99.250,,THA,04/10/2016,600,011
KO LAK,174,11.800,99.817,39,THA,04/10/2016,600,021
FORT PHRACHULA CHOMKLAO (POM PHRACHUN),444,13.550,100.583,,THA,18/10/2016,600,041
KO SICHANG,449,13.150,100.817,,THA,28/05/2003,600,051
VUNGTAU,1495,10.333,107.067,,VNM,17/11/2015,605,021
VUNG TAU II,2268,10.340,107.072,,VNM,04/11/2015,605,022
QUINHON,1449,13.767,109.250,75,VNM,17/11/2015,605,041
QUI NHON II,2267,13.775,109.255,75,VNM,04/11/2015,605,042
DANANG,1475,16.100,108.217,,VNM,17/11/2015,605,051
HONNGU,1003,18.800,105.767,,VNM,17/11/2015,605,061
HONDAU,841,20.667,106.800,,VNM,17/11/2015,605,081
MACAU,269,22.200,113.550,,MAC,06/09/1990,609,001
BEIHAI,1408,21.483,109.083,,CHN,17/01/2012,610,001
ZHAPO,933,21.583,111.817,78,CHN,04/05/2016,610,002
NAN SHA,1730,9.550,112.880,,CHN,04/05/2016,610,003
XI SHA,1745,16.833,112.333,,CHN,04/05/2016,610,004
XIAMEN,727,24.450,118.067,247,CHN,05/11/2007,610,005
SHANWEI,1406,22.750,115.350,,CHN,17/01/2012,610,006
HAIKOU,1428,20.017,110.283,,CHN,17/01/2012,610,007
DONGFANG,1407,19.100,108.617,,CHN,17/01/2012,610,008
KANMEN,934,28.083,121.283,94,CHN,04/05/2016,610,016
LUSI,979,32.133,121.617,283,CHN,04/05/2016,610,032
LIANYUNGANG,1405,34.750,119.450,,CHN,17/01/2012,610,033
SHIJIUSUO,1404,35.383,119.550,,CHN,17/01/2012,610,034
YANTAI,731,37.533,121.383,,CHN,21/07/1995,610,036
TANGGU,1403,39.000,117.717,,CHN,21/07/1995,610,037
QINHUANGDAO,614,39.900,119.600,,CHN,24/07/1995,610,039
DALIAN,723,38.867,121.683,79,CHN,04/05/2016,610,044
LAOHUTAN,1513,38.867,121.683,79,CHN,20/04/1998,610,045
WAGLAN ISLAND,1698,22.183,114.303,,HKG,03/08/2016,611,007
"CHI MA WAN, LANTAU ISLAND",987,22.233,114.000,,HKG,13/05/1998,611,008
QUARRY BAY,1674,22.291,114.213,77,HKG,03/08/2016,611,010
NORTH POINT,333,22.300,114.200,77,HKG,01/01/1980,611,011
TAI MIU WAN,1891,22.270,114.289,,HKG,03/08/2016,611,012
"TAI PO KAU, TOLO HARBOUR",1034,22.443,114.184,,HKG,03/08/2016,611,014
TSIM BEI TSUI,1366,22.487,114.014,,HKG,03/08/2016,611,017
LOK ON PAI,1685,22.367,114.000,,HKG,16/05/2000,611,019
SHEK PIK,1902,22.220,113.894,,HKG,03/08/2016,611,023
KEELUNG II,545,25.133,121.733,,TWN,28/04/1998,612,002
KAOHSIUNG II,1356,22.533,120.317,,TWN,28/04/1998,612,012
INCHEON,956,37.452,126.592,,KOR,23/08/2016,620,011
ANHEUNG,1699,36.674,126.132,,KOR,23/08/2016,620,014
BORYEONG,1675,36.406,126.486,,KOR,23/08/2016,620,017
KUNSAN,959,35.983,126.717,,KOR,25/01/2001,620,021
GUNSAN (OUTER PORT),1527,35.976,126.563,,KOR,23/08/2016,620,022
WIDO,1628,35.618,126.302,,KOR,23/08/2016,620,024
MOKPO,954,34.780,126.376,,KOR,23/08/2016,620,027
DAEHEUKSANDO,1489,34.684,125.436,,KOR,09/09/2013,620,028
SEOGWIPO,1627,33.240,126.562,,KOR,23/08/2016,620,032
JEJU,1066,33.528,126.543,,KOR,23/08/2016,620,033
WANDO,1568,34.315,126.760,,KOR,23/08/2016,620,034
GEOMUNDO,1546,34.028,127.309,,KOR,23/08/2016,620,035
YEOSU,1155,34.747,127.766,,KOR,23/08/2016,620,036
TONGYEONG,1446,34.828,128.435,,KOR,23/08/2016,620,038
CHUJADO,1588,33.962,126.300,,KOR,23/08/2016,620,039
CHINHAE,970,35.150,128.650,,KOR,01/01/1980,620,041
GADEOKDO,1445,35.025,128.811,,KOR,23/08/2016,620,043
BUSAN,955,35.096,129.036,84,KOR,23/08/2016,620,046
ULSAN,997,35.502,129.387,,KOR,23/08/2016,620,051
POHANG,1324,36.047,129.384,,KOR,23/08/2016,620,056
ULLEUNG,1490,37.491,130.914,,KOR,23/08/2016,620,059
MUKHO,1108,37.550,129.116,,KOR,23/08/2016,620,061
SOKCHO,1365,38.207,128.594,,KOR,23/08/2016,620,071
WONSAN,1007,39.167,127.450,307,PRK,03/09/1993,625,011
YUZHNO KURILSK,546,44.017,145.867,90,RUS,25/01/1996,630,001
NAGAEVO,827,59.550,150.717,92,RUS,17/01/2017,630,011
PETROPAVLOVSK-KAMCHATSKY,824,52.983,158.650,93,RUS,17/01/2017,630,021
MONBETU I,772,44.350,143.367,,JPN,01/01/1980,641,001
MONBETU II,1470,44.350,143.367,,JPN,20/02/2013,641,002
ABASHIRI,1104,44.019,144.286,327,JPN,15/03/2016,641,003
HANASAKI,139,43.283,145.583,,JPN,01/01/1980,641,011
HANASAKI II,1442,43.278,145.568,,JPN,15/03/2016,641,012
KUSHIRO,518,42.976,144.371,89,JPN,15/03/2016,641,021
URAKAWA I,869,42.167,142.767,,JPN,01/01/1980,641,026
URAKAWA II,1296,42.167,142.767,,JPN,26/11/2015,641,027
MURORAN,1194,42.350,140.950,,JPN,20/04/2009,641,029
HAKODATE I,813,41.782,140.725,88,JPN,15/03/2016,641,031
HAKODATE II,671,41.767,140.717,88,JPN,06/12/1990,641,032
TAPPI,1587,41.243,140.381,,JPN,15/03/2016,641,033
YOSIOKA,1596,41.450,140.250,,JPN,20/04/2009,641,034
ESASHI,1605,41.867,140.133,,JPN,24/08/1998,641,035
OSHORO I,159,43.217,140.867,,JPN,01/01/1980,641,041
OSHORO II,1027,43.209,140.858,,JPN,15/03/2016,641,042
WAKKANAI,1103,45.408,141.685,324,JPN,15/03/2016,641,061
HACHINOHE I,460,40.533,141.533,,JPN,01/01/1980,642,001
HACHINOHE II,1266,40.532,141.528,,JPN,22/02/2012,642,002
MIYAKO I,463,39.633,141.967,,JPN,01/01/1980,642,011
MIYAKO II,1149,39.643,141.975,,JPN,15/03/2016,642,012
KAMAISI II,1346,39.273,141.889,,JPN,15/03/2016,642,017
OFUNATO I,1140,39.067,141.717,87,JPN,01/01/1980,642,021
OFUNATO II,1364,39.020,141.753,87,JPN,15/03/2016,642,022
ONAGAWA,674,38.433,141.467,,JPN,01/01/1980,642,028
AYUKAWA,131,38.297,141.505,,JPN,15/03/2016,642,031
SOMA,1345,37.831,140.962,,JPN,16/03/2016,642,036
ONAHAMA,635,36.938,140.892,,JPN,15/03/2016,642,041
CHOSHI-GYOKO,1544,35.744,140.858,,JPN,15/03/2016,642,050
CHOSHI I,879,35.733,140.867,,JPN,01/01/1980,642,051
KATSUURA,1191,35.129,140.249,,JPN,15/03/2016,642,055
MERA,359,34.919,139.825,86,JPN,15/03/2016,642,061
TUKIZI,673,35.667,139.767,,JPN,01/01/1980,642,063
TOKYO III,1545,35.649,139.770,,JPN,15/03/2016,642,069
TOKYO I,881,35.667,139.767,,JPN,01/01/1980,642,070
TOKYO II,1222,35.650,139.767,,JPN,12/09/1997,642,071
SIBAURA,952,35.633,139.750,,JPN,20/04/2009,642,072
YOKOSUKA,722,35.288,139.651,,JPN,15/03/2016,642,081
ABURATSUBO,130,35.160,139.615,,JPN,15/03/2016,642,091
KAMINATO II (HATIZYO SIMA),1440,33.130,139.805,,JPN,15/03/2016,642,097
MIYAKE SIMA,1060,34.067,139.481,,JPN,15/03/2016,642,098
KOZU SIMA,1061,34.209,139.132,,JPN,15/03/2016,642,099
OKADA,1091,34.789,139.391,,JPN,15/03/2016,642,100
ITO I,876,34.967,139.117,,JPN,01/01/1980,642,111
ITO II,1343,34.896,139.133,,JPN,15/03/2016,642,112
MINAMI IZU,1064,34.617,138.883,,JPN,21/04/2009,642,115
UCHIURA,407,35.017,138.890,,JPN,15/03/2016,642,118
TAGO,1437,34.807,138.764,,JPN,15/03/2016,642,119
SHIMIZU-MINATO,808,35.012,138.518,,JPN,15/03/2016,642,121
YAIZU,1438,34.871,138.327,,JPN,15/03/2016,642,122
OMAEZAKI II,1263,34.608,138.222,,JPN,15/03/2016,642,124
MAISAKA,1089,34.682,137.609,,JPN,15/03/2016,642,126
ONISAKI,1026,34.904,136.824,,JPN,15/03/2016,642,128
NAGOYA,860,35.083,136.883,,JPN,15/09/1997,642,131
NAGOYA II,1488,35.091,136.881,,JPN,15/03/2016,642,132
TOBA,627,34.467,136.850,,JPN,01/01/1980,642,134
OWASE,1146,34.076,136.207,,JPN,15/03/2016,642,136
URAGAMI,1090,33.558,135.896,,JPN,15/03/2016,642,138
KUSHIMOTO,134,33.476,135.773,85,JPN,15/03/2016,642,141
SHIRAHAMA,1150,33.684,135.375,,JPN,15/03/2016,643,005
KAINAN,701,34.144,135.191,,JPN,15/03/2016,643,013
WAKAYAMA,816,34.222,135.146,,JPN,15/03/2016,643,015
TAN-NOWA,817,34.339,135.178,,JPN,15/03/2016,643,017
OSAKA,1099,34.658,135.433,,JPN,15/03/2016,643,021
KOBE,846,34.683,135.183,,JPN,21/02/1997,643,024
KOBE II,1790,34.682,135.190,,JPN,15/03/2016,643,025
SUMOTO,1098,34.341,134.907,,JPN,15/03/2016,643,026
UNO,812,34.489,133.949,,JPN,15/03/2016,643,031
KURE II,749,34.233,132.533,,JPN,01/01/1980,643,041
KURE III,1023,34.233,132.550,,JPN,01/01/1980,643,042
KURE IV,1209,34.241,132.550,,JPN,15/03/2016,643,043
HIROSIMA,1028,34.353,132.465,,JPN,15/03/2016,643,044
TOKUYAMA I,669,34.033,131.800,,JPN,01/01/1980,643,051
TOKUYAMA II,1210,34.041,131.803,,JPN,15/03/2016,643,052
KOCHI II,1184,33.500,133.583,,JPN,01/01/1980,644,002
KURE I,1320,33.334,133.243,,JPN,15/03/2016,644,004
KOCHI III,1567,33.499,133.569,,JPN,15/03/2016,644,005
TOSA SHIMIZU,815,32.779,132.959,,JPN,15/03/2016,644,011
UWAJIMA I,461,33.233,132.550,,JPN,01/01/1980,644,021
UWAJIMA II,1212,33.227,132.551,,JPN,15/03/2016,644,022
MATSUYAMA I,880,33.867,132.700,,JPN,01/01/1980,644,031
MATSUYAMA II,1062,33.859,132.712,,JPN,15/03/2016,644,032
TAKAMATSU,847,34.350,134.050,,JPN,01/07/1994,644,041
TAKAMATSU II,1789,34.351,134.057,,JPN,15/03/2016,644,042
KOMATSUSHIMA,809,34.009,134.588,,JPN,15/03/2016,644,051
MUROTOMISAKI,1390,33.266,134.164,,JPN,15/03/2016,644,061
MOZI,912,33.950,130.967,,JPN,21/04/2009,645,004
OITA II,1293,33.266,131.687,,JPN,15/03/2016,645,009
HOSOJIMA,133,32.429,131.669,,JPN,15/03/2016,645,011
ABURATSU,814,31.577,131.409,82,JPN,15/03/2016,645,021
NISINOOMOTE,1096,30.735,130.992,,JPN,15/03/2016,645,031
ODOMARI,1097,31.024,130.689,,JPN,15/03/2016,645,033
KAGOSHIMA I,868,31.600,130.567,,JPN,01/01/1980,645,040
MAKURAZAKI I,1142,31.267,130.300,,JPN,01/01/1980,645,042
AKUNE,1265,32.018,130.191,,JPN,15/03/2016,645,045
MISUMI,810,32.623,130.451,,JPN,07/02/2013,645,051
OURA,1102,32.977,130.221,,JPN,15/03/2016,645,059
KUCHINOTSU,1386,32.605,130.195,,JPN,15/03/2016,645,062
NAGASAKI,1100,32.735,129.866,83,JPN,15/03/2016,645,064
FUKUE,1101,32.696,128.849,,JPN,15/03/2016,645,066
SASEBO I,672,33.167,129.717,,JPN,01/01/1980,645,071
SASEBO II,1147,33.158,129.724,,JPN,15/03/2016,645,072
KARIYA,1318,33.473,129.849,,JPN,15/03/2016,645,075
IZUHARA,661,34.200,129.300,,JPN,04/05/1988,645,081
IZUHARA II,1586,34.198,129.292,,JPN,15/03/2016,645,082
HAKATA,1094,33.619,130.408,,JPN,15/03/2016,645,091
NASE I,887,28.383,129.500,,JPN,01/01/1980,646,001
NASE II,1018,28.383,129.500,,JPN,01/01/1980,646,002
NASE III,1522,28.500,129.500,,JPN,15/03/2016,646,003
NAKANO SIMA,1105,29.842,129.848,,JPN,15/03/2016,646,011
OKINAWA,1388,26.179,127.824,,JPN,15/03/2016,646,021
NAHA,1151,26.213,127.665,81,JPN,15/03/2016,646,024
ISHIGAKI,1411,24.333,124.167,,JPN,15/12/1989,646,041
ISHIGAKI II,1671,24.332,124.164,,JPN,15/03/2016,646,042
SHIMONOSEKI III,1830,33.925,130.928,,JPN,06/02/2014,647,010
SHIMONOSEKI I,845,33.967,130.950,,JPN,09/05/1995,647,011
SHIMONOSEKI II,783,33.967,130.950,,JPN,01/01/1980,647,012
HAGI,1306,34.433,131.417,,JPN,03/02/1993,647,015
TONOURA,94,34.900,132.067,326,JPN,04/05/1988,647,021
HAMADA II,1585,34.897,132.066,326,JPN,15/03/2016,647,023
SAKAI,811,35.548,133.243,,JPN,15/03/2016,647,041
SAIGO,1095,36.201,133.331,,JPN,15/03/2016,647,043
TAJIRI,1148,35.594,134.316,,JPN,15/03/2016,647,047
MIYAZU,872,35.533,135.183,,JPN,01/01/1980,647,051
MAIZURU I,663,35.483,135.400,,JPN,01/01/1980,647,061
MAIZURU II,1387,35.477,135.387,,JPN,15/03/2016,647,062
MAIZURU III,1523,35.450,135.317,,JPN,21/04/2009,647,063
MIKUNI,1190,36.255,136.149,,JPN,15/03/2016,647,065
TOYAMA,1389,36.762,137.225,325,JPN,15/03/2016,647,068
WAJIMA,132,37.406,136.900,,JPN,15/03/2016,647,071
KASHIWAZAKI,753,37.357,138.508,,JPN,15/03/2016,647,081
OGI,1344,37.815,138.281,,JPN,15/03/2016,647,086
AWA SIMA,1093,38.468,139.255,,JPN,15/03/2016,647,090
NEZUGASEKI,752,38.563,139.546,,JPN,15/03/2016,647,091
OGA,1264,39.942,139.706,,JPN,15/03/2016,647,096
IWASAKI,121,40.583,139.917,,JPN,01/01/1980,647,101
OMINATO,679,41.250,141.150,,JPN,21/04/2009,647,111
ASAMUSHI,721,40.898,140.859,,JPN,15/03/2016,647,121
CHICHIJIMA,1391,27.083,142.183,103,JPN,15/03/2016,648,001
"SAN FERNANDO, LA UNION",548,16.617,120.300,,PHL,27/06/1990,660,001
SAN JOSE,1711,12.333,121.083,,PHL,13/12/2016,660,002
PORT IRENE,1705,18.383,122.100,,PHL,08/10/2008,660,003
CATICLAN MALAY AKLAN,2172,11.950,121.933,,PHL,08/12/2016,660,004
"PULUPANDAN, NEGROS OCCIDENTAL",2151,10.517,122.800,,PHL,08/12/2016,660,005
CURRIMAO ILOCOS NORTE,2173,17.983,120.483,,PHL,08/12/2016,660,007
"BALANACAN, MARINDUQUE",2157,13.533,121.867,,PHL,08/12/2016,660,008
SUBIC ZAMBALES,2176,14.767,120.250,,PHL,08/12/2016,660,009
"MANILA, S. HARBOR",145,14.583,120.967,73,PHL,08/12/2016,660,011
"LEGASPI, ALBAY",522,13.150,123.750,72,PHL,08/12/2016,660,021
"VIRAC, CATANDUANES",2150,13.583,124.233,,PHL,08/12/2016,660,022
REAL QUEZON,2035,14.667,121.600,,PHL,08/12/2016,660,024
"TACLOBAN, LEYTE",664,11.250,125.000,,PHL,01/01/1980,660,071
CEBU,394,10.300,123.917,,PHL,08/12/2016,660,101
"BALINTANG, QUEZON, PALAWAN",2155,9.350,118.133,,PHL,12/12/2013,660,106
"PUERTO PRINCESA, PALAWAN",207,9.750,118.733,,PHL,08/12/2016,660,111
"MATI, DAVAO ORIENTAL",2156,6.950,126.217,,PHL,08/12/2016,660,116
"DAVAO, DAVAO GULF",537,7.083,125.633,71,PHL,08/12/2016,660,121
PAGADIAN CITY,2152,7.817,123.433,,PHL,08/12/2016,660,125
"MAKAR, GENERAL SANTOS CITY",2153,6.100,125.150,,PHL,08/12/2016,660,128
ZAMBOANGA CITY,2175,6.917,122.067,,PHL,01/12/2015,660,133
"JOLO, SULU",260,6.067,121.000,70,PHL,30/03/1999,660,141
"MACABALAN PORT, CAGAYAN DE ORO",2154,8.500,124.667,,PHL,08/12/2016,660,145
"TANDAG, SURIGAO DEL SUR",2158,9.083,126.200,,PHL,08/12/2016,660,148
MAMBAJAO CAMGUIN,2174,9.250,124.733,,PHL,08/12/2016,660,150
SURIGAO,1708,9.783,125.500,,PHL,08/12/2016,660,151
MIRI,1819,4.401,113.974,,MYS,01/07/2015,663,001
BINTULU,1833,3.262,113.064,,MYS,22/06/2016,663,011
SEJINGKAT,1893,1.583,110.422,,MYS,25/07/2011,663,021
LABUAN 2,1879,5.273,115.250,,MYS,22/06/2016,665,002
KOTA KINABALU,1733,5.983,116.067,,MYS,22/06/2016,665,031
KUDAT,1876,6.879,116.844,,MYS,22/06/2016,665,038
SANDAKAN,1834,5.810,118.067,,MYS,22/06/2016,665,045
LAHAT DATU,1877,5.019,118.346,,MYS,22/06/2016,665,053
TAWAU,1734,4.233,117.883,,MYS,22/06/2016,665,061
LAE,1303,-6.750,147.000,,PNG,03/07/2013,670,002
ALOTAU,1607,-10.317,150.450,63,PNG,03/07/2013,670,006
PORT MORESBY,439,-9.483,147.133,,PNG,20/05/1996,670,011
PORT MORESBY II,1610,-9.483,147.133,,PNG,26/03/2013,670,012
RABAUL,1164,-4.200,152.183,65,PNG,08/12/1998,670,021
KAVIENG,1608,-2.583,150.800,,PNG,03/07/2013,670,031
MANUS ISLAND,1609,-2.017,147.267,,PNG,03/07/2013,670,041
LOMBRUM,1860,-2.042,147.374,331,PNG,25/01/2017,670,043
WEWAK,1304,-3.550,143.633,,PNG,03/07/2013,670,051
MADANG,1254,-5.217,145.800,,PNG,03/07/2013,670,061
DARWIN,935,-12.472,130.846,62,AUS,25/01/2017,680,011
MILNER BAY (GROOTE EYLANDT),1160,-13.860,136.416,,AUS,25/01/2017,680,015
KARUMBA,835,-17.500,140.833,,AUS,30/06/2016,680,018
WEIPA,1157,-12.667,141.867,,AUS,30/06/2016,680,021
BOOBY ISLAND,1268,-10.603,141.910,61,AUS,30/06/2016,680,025
TURTLE HEAD,1749,-10.522,142.212,,AUS,30/06/2016,680,028
PORT DOUGLAS 2,1471,-16.483,145.467,,AUS,19/05/2015,680,037
CAIRNS,953,-16.917,145.783,,AUS,30/06/2016,680,041
MOURILYAN HARBOUR,1629,-17.583,146.083,,AUS,30/06/2016,680,043
LUCINDA,1630,-18.517,146.383,,AUS,30/06/2016,680,047
BOWEN II,2074,-20.017,148.250,,AUS,30/06/2016,680,050
TOWNSVILLE I,637,-19.250,146.833,60,AUS,30/06/2016,680,051
CAPE FERGUSON,1492,-19.277,147.058,,AUS,25/01/2017,680,054
SHUTE HARBOUR 2,1569,-20.283,148.783,,AUS,30/06/2016,680,058
MACKAY,564,-21.100,149.233,,AUS,30/06/2016,680,061
ROSSLYN BAY,1760,-23.161,150.790,,AUS,25/01/2017,680,069
PORT ALMA,2072,-23.583,150.867,,AUS,30/06/2016,680,070
GLADSTONE,825,-23.854,151.314,,AUS,30/06/2016,680,071
"BUNDABERG, BURNETT HEADS",1154,-24.767,152.383,59,AUS,30/06/2016,680,073
BRISBANE (WEST INNER BAR),822,-27.367,153.167,58,AUS,30/06/2016,680,078
BALLINA,319,-28.867,153.583,,AUS,01/01/1980,680,081
BRUNSWICK HEADS,2310,-28.537,153.552,,AUS,22/11/2016,680,082
TWEED HEADS,2314,-28.169,153.550,,AUS,28/09/2016,680,085
TWEED ENTRANCE SOUTH,2319,-28.171,153.551,,AUS,29/11/2016,680,086
NORFOLK ISLAND,821,-29.058,167.954,124,AUS,28/09/2016,680,091
EVANS HEAD,1229,-29.117,153.433,,AUS,01/01/1980,680,093
YAMBA,310,-29.430,153.362,,AUS,22/11/2016,680,101
COFF'S HARBOUR,799,-30.317,153.083,,AUS,11/03/1987,680,111
COFFS HARBOUR III,2311,-30.303,153.146,,AUS,22/11/2016,680,115
LORD HOWE ISLAND,818,-31.517,159.067,148,AUS,22/11/2016,680,121
PORT MACQUARIE,2313,-31.427,152.911,,AUS,22/11/2016,680,125
PORT STEPHENS (TOMAREE),2316,-32.715,152.182,,AUS,28/09/2016,680,128
SHOAL BAY,2320,-32.720,152.176,,AUS,29/11/2016,680,129
NEWCASTLE I,320,-32.917,151.800,,AUS,01/01/1980,680,131
NEWCASTLE II,1335,-32.917,151.800,,AUS,04/11/1987,680,132
NEWCASTLE III,267,-32.917,151.800,,AUS,12/04/1989,680,133
NEWCASTLE V,837,-32.924,151.789,,AUS,30/06/2016,680,135
"SYDNEY, FORT DENISON 2",196,-33.855,151.226,57,AUS,30/06/2016,680,140
"SYDNEY, FORT DENISON",65,-33.850,151.233,57,AUS,10/05/2000,680,141
CAMP COVE,549,-33.833,151.283,,AUS,20/02/1990,680,151
PORT KEMBLA,831,-34.474,150.912,,AUS,25/01/2017,680,161
JERVIS BAY II,2312,-35.122,150.708,,AUS,22/11/2016,680,164
ULLADULLA HARBOUR,2315,-35.358,150.477,,AUS,22/11/2016,680,165
EDEN,833,-37.074,149.908,,AUS,22/11/2016,680,171
STONY POINT,1033,-38.372,145.225,,AUS,31/01/2017,680,178
BURNIE,683,-41.050,145.915,,AUS,25/01/2017,680,193
LOW HEAD,2071,-41.064,146.795,,AUS,07/07/2016,680,194
DEVONPORT,1118,-41.185,146.362,,AUS,30/06/2016,680,195
SPRING BAY,1216,-42.546,147.933,56,AUS,25/01/2017,680,199
HOBART,838,-42.877,147.341,,AUS,28/07/2016,680,201
LORNE,1836,-38.547,143.989,,AUS,25/01/2017,680,226
PORTLAND,1547,-38.343,141.613,55,AUS,25/01/2017,680,231
PORT MACDONNELL I,871,-38.000,140.667,,AUS,01/01/1980,680,241
BEACHPORT,304,-37.500,140.000,,AUS,31/05/1989,680,251
KINGSTON,515,-36.833,139.850,,AUS,01/01/1980,680,271
VICTOR HARBOUR,1069,-35.562,138.635,,AUS,29/06/2016,680,275
BRIGHTON,677,-35.033,138.517,,AUS,01/01/1980,680,291
PORT STANVAC,1506,-35.109,138.467,,AUS,13/10/2011,680,298
PORT ADELAIDE (OUTER HARBOR),448,-34.780,138.481,,AUS,30/06/2016,680,311
SECOND VALLEY,443,-35.517,138.167,,AUS,01/01/1980,680,321
PORT GILES,1550,-35.022,137.768,,AUS,30/06/2016,680,340
EDITHBURG,516,-35.083,137.750,,AUS,01/01/1980,680,341
AMERICAN RIVER,631,-35.800,137.767,,AUS,01/01/1980,680,361
STENHOUSE BAY,492,-35.250,137.767,,AUS,01/01/1980,680,371
PORT WALLAROO,383,-33.933,137.633,,AUS,01/01/1980,680,381
WALLAROO II,1420,-33.926,137.615,,AUS,30/06/2016,680,382
PORT PIRIE,216,-33.178,138.012,,AUS,30/06/2016,680,391
PORT AUGUSTA,574,-32.550,137.783,,AUS,11/03/1987,680,401
WHYALLA III,1367,-33.013,137.590,,AUS,30/06/2016,680,410
WHYALLA,493,-33.017,137.567,,AUS,01/01/1980,680,411
FRANKLIN HARBOR,402,-33.683,136.933,,AUS,01/01/1980,680,421
PORT LINCOLN,230,-34.716,135.870,,AUS,30/06/2016,680,431
THEVENARD,386,-32.149,133.641,308,AUS,25/01/2017,680,441
ESPERANCE,1114,-33.871,121.895,54,AUS,25/01/2017,680,446
ALBANY,957,-35.034,117.893,,AUS,30/06/2016,680,451
BUNBURY,834,-33.323,115.660,,AUS,30/06/2016,680,461
FREMANTLE,111,-32.066,115.748,53,AUS,30/06/2016,680,471
HILLARYS,1761,-31.826,115.739,,AUS,25/01/2017,680,472
GERALDTON,1031,-28.776,114.602,,AUS,29/06/2016,680,474
CARNARVON,1115,-24.899,113.651,52,AUS,29/06/2016,680,479
EXMOUTH,1762,-21.955,114.141,,AUS,30/06/2016,680,482
ONSLOW,1631,-21.650,115.132,,AUS,30/06/2016,680,483
KING BAY,1549,-20.624,116.749,,AUS,30/06/2016,680,486
CAPE LAMBERT,1328,-20.588,117.186,,AUS,30/06/2016,680,491
PORT HEDLAND,189,-20.318,118.574,51,AUS,30/06/2016,680,494
BROOME,1159,-18.001,122.219,40,AUS,25/01/2017,680,497
WYNDHAM,1116,-15.453,128.101,,AUS,29/06/2016,680,507
COCOS ISLAND (HOME IS.),983,-12.117,96.894,46,CCK,25/01/2017,680,521
URANGAN,2073,-25.300,152.917,,AUS,30/06/2016,680,600
INCE POINT,1300,-10.508,142.310,,AUS,30/06/2016,680,601
GOODS ISLAND,1368,-10.562,142.152,,AUS,30/06/2016,680,602
GOLD COAST SEAWAY 2,1704,-27.950,153.417,,AUS,30/06/2016,680,604
MOOLOOLABA 2,1493,-26.683,153.133,,AUS,30/06/2016,680,605
HAY POINT,1246,-21.283,149.300,,AUS,30/06/2016,680,606
AUCKLAND-WAITEMATA HARBOUR,217,-36.843,174.769,127,NZL,27/08/1999,690,001
AUCKLAND II,150,-36.843,174.769,127,NZL,09/06/2003,690,002
MOTURIKI ISLAND,978,-37.632,176.185,,NZL,23/11/2010,690,004
TAURANGA (SALISBURY WHARF),1590,-37.641,176.181,,NZL,12/07/2016,690,006
GISBORNE,1613,-38.675,178.022,,NZL,13/07/2016,690,008
NAPIER,1750,-39.476,176.920,,NZL,13/07/2016,690,009
WELLINGTON HARBOUR,221,-41.284,174.780,101,NZL,12/07/2016,690,011
WELLINGTON II,500,-41.284,174.780,101,NZL,04/03/2013,690,012
PORT LYTTELTON,247,-43.606,172.722,,NZL,13/07/2016,690,021
LYTTELTON II,259,-43.606,172.722,,NZL,17/01/2003,690,022
TIMARU HARBOUR,998,-44.394,171.256,,NZL,12/07/2016,690,026
PORT CHALMERS,1643,-45.815,170.624,,NZL,12/07/2016,690,028
DUNEDIN,252,-45.879,170.513,,NZL,01/01/1980,690,031
DUNEDIN II,136,-45.879,170.513,,NZL,12/07/2016,690,032
BLUFF (SOUTHLAND HARBOUR),213,-46.598,168.345,129,NZL,12/07/2016,690,041
GREYMOUTH,993,-42.450,171.200,,NZL,01/01/1980,690,051
WESTPORT HARBOUR,1004,-41.746,171.595,,NZL,25/05/1995,690,061
NELSON,787,-41.261,173.273,,NZL,12/07/2016,690,071
WANGANUI,1621,-39.945,174.993,,NZL,19/05/1989,690,077
PORT TARANAKI,996,-39.056,174.034,,NZL,12/07/2016,690,081
WHANGAREI HARBOUR (MARSDEN POINT),1065,-35.757,174.350,,NZL,13/07/2016,690,105
CHATHAM ISLAND,1920,-43.946,-176.561,128,NZL,17/11/2010,690,401
SAIPAN,1474,15.233,145.750,118,MNP,28/10/2015,700,011
"APRA HARBOUR, GUAM",540,13.438,144.653,149,GUM,02/02/2017,701,001
"PAGO BAY, GUAM",2130,13.428,144.797,,GUM,02/02/2017,701,010
"CHUUK, MOEN ISLAND",528,7.447,151.847,116,FSM,10/03/2000,710,001
KAPINGAMARANGI,1473,1.100,154.783,117,FSM,28/10/2015,710,026
POHNPEI-B,1370,6.983,158.233,115,FSM,04/11/2015,710,031
POHNPEI C,1925,6.981,158.200,115,FSM,25/01/2017,710,032
MALAKAL-B,1252,7.333,134.467,120,PLW,29/10/2015,711,021
NAURU,1374,-0.533,166.900,114,NRU,14/02/1996,715,001
NAURU-B,1844,-0.529,166.910,114,NRU,25/01/2017,715,002
ENEWETOK,665,11.367,162.350,,MHL,01/01/1980,720,001
KWAJALEIN,513,8.732,167.735,111,MHL,08/03/2016,720,011
MAJURO-B,1217,7.100,171.367,112,MHL,17/10/2002,720,016
MAJURO-C,1838,7.106,171.373,112,MHL,25/01/2017,720,017
WAKE ISLAND,595,19.290,166.617,105,MHL,02/02/2017,720,021
"TARAWA-A,BETIO",1381,1.367,172.933,113,KIR,29/08/1990,730,006
"TARAWA-B,BAIRIKI",1579,1.333,173.017,113,KIR,15/11/1990,730,007
"TARAWA-C,BETIO",1739,1.367,172.933,113,KIR,17/10/2002,730,008
BETIO,1804,1.365,172.933,113,KIR,25/01/2017,730,009
FUNAFUTI,1452,-8.533,179.217,121,TUV,17/10/2002,732,011
FUNAFUTI B,1839,-8.502,179.195,121,TUV,25/01/2017,732,012
HONIARA II,1373,-9.433,159.950,66,SLB,07/11/1996,734,002
HONIARA-B,1861,-9.429,159.955,66,SLB,25/01/2017,734,004
NOUMEA-CHALEIX,852,-22.300,166.433,123,NCL,13/09/1991,740,001
NOUMEA-NUMBO,2134,-22.242,166.416,123,NCL,23/06/2016,740,021
PORT VILA B,1841,-17.755,168.308,348,VUT,25/01/2017,741,002
SUVA-A,1327,-18.136,178.423,122,FJI,25/01/2017,742,012
LAUTOKA,1805,-17.605,177.438,,FJI,25/01/2017,742,021
NUKU'ALOFA B,1842,-21.137,-175.181,125,TON,25/01/2017,744,002
PAGO PAGO,539,-14.280,-170.690,144,ASM,02/02/2017,745,001
APIA B,1840,-13.827,-171.761,,WSM,25/01/2017,746,002
KANTON ISLAND,575,-2.800,-171.717,145,KIR,01/01/1980,750,011
KANTON ISLAND-B,1329,-2.817,-171.717,145,KIR,14/10/2013,750,012
MIDWAY ISLAND,523,28.212,-177.360,106,USA,02/02/2017,760,001
JOHNSTON ISLAND,598,16.738,-169.530,109,USA,26/01/2005,760,011
FRENCH FRIGATE SHOALS,1372,23.867,-166.283,107,USA,14/10/2013,760,016
FRENCH FRIGATE SHOALS B,2192,23.868,-166.288,107,USA,23/06/2014,760,017
"PORT ALLEN, HANAPEPE BAY, KAUAI ISLAND",2129,21.903,-159.592,,USA,24/01/2012,760,019
"NAWILIWILI BAY, KAUAI ISLAND",756,21.953,-159.355,,USA,02/02/2017,760,021
HONOLULU,155,21.307,-157.867,108,USA,02/02/2017,760,031
MOKUOLOE ISLAND,823,21.432,-157.790,,USA,02/02/2017,760,041
"LANAI ISLAND, KAUMALAPAU",2273,20.780,-156.900,,USA,05/01/2016,760,043
"KAHULUI HARBOR, MAUI ISLAND",521,20.895,-156.477,,USA,02/02/2017,760,051
"KAWAIHAE, HAWAII ISLAND",2128,20.037,-155.830,,USA,02/02/2017,760,056
"HILO, HAWAII ISLAND",300,19.730,-155.055,287,USA,02/02/2017,760,061
FANNING-B,1361,3.900,-159.383,,KIR,18/05/1994,770,012
CHRISTMAS ISLAND,801,1.983,-157.467,146,KIR,01/01/1980,770,021
CHRISTMAS ISLAND II,1371,1.983,-157.483,146,KIR,29/10/2015,770,022
PENRHYN,1450,-9.017,-158.067,143,COK,04/11/2015,775,001
"PAPEETE-B, FARE UTE POINT, SOC.IS.",1397,-17.533,-149.573,140,PYF,28/10/2015,780,011
RAROTONGA B,1843,-21.205,-159.785,139,COK,25/01/2017,785,006
NUKU HIVA,1555,-8.933,-140.083,142,PYF,14/10/2013,805,011
RIKITEA,1253,-23.122,-134.967,138,PYF,28/10/2015,808,001
RANGIROA,2216,-14.946,-147.706,,PYF,30/08/2016,808,002
TUBUAI,2217,-23.342,-149.476,,PYF,30/08/2016,808,004
EASTER ISLAND-D,1462,-27.150,-109.450,137,CHL,11/09/1990,810,002
EASTER ISLAND-E,1272,-27.155,-109.473,137,CHL,13/07/2015,810,003
MASSACRE BAY,491,52.833,173.200,,USA,01/01/1980,820,001
ADAK SWEEPER COVE,487,51.863,-176.632,302,USA,02/02/2017,820,011
"ATKA, NAZAN BAY",2303,52.232,-174.173,,USA,02/02/2017,820,012
DUTCH HARBOR,390,53.900,-166.533,102,USA,01/01/1980,820,020
UNALASKA,757,53.880,-166.537,102,USA,02/02/2017,820,021
"PRUDHOE BAY, ALASKA",1857,70.400,-148.527,151,USA,02/02/2017,821,002
"NOME, ALASKA",1800,64.500,-165.430,74,USA,02/02/2017,821,003
"KING COVE, DEER PASSAGE",2302,55.062,-162.327,,USA,02/02/2017,821,005
"SAND POINT, POPOF IS., AK",1634,55.337,-160.502,100,USA,02/02/2017,821,006
"VILLAGE COVE, ST. PAUL ISLAND",2304,57.125,-170.285,,USA,02/02/2017,821,007
"ST. PAUL'S HARBOR, KODIAK",1179,57.745,-152.482,,USA,06/07/1990,821,009
"ALITAK, LAZY BAY",2301,56.898,-154.247,,USA,02/02/2017,821,010
"KODIAK ISLAND, WOMENS BAY",567,57.732,-152.512,,USA,02/02/2017,821,011
ANCHORAGE,1067,61.238,-149.890,,USA,02/02/2017,821,012
"NIKISKI, ALASKA",1350,60.683,-151.397,,USA,02/02/2017,821,013
SELDOVIA,1070,59.440,-151.720,,USA,18/02/2013,821,015
SEWARD,266,60.120,-149.427,150,USA,02/02/2017,821,017
VALDEZ,1353,61.125,-146.362,,USA,02/02/2017,821,019
CORDOVA,566,60.558,-145.752,,USA,02/02/2017,821,020
"ELFIN COVE, PORT ALTHORP",2300,58.195,-136.347,,USA,02/02/2017,821,022
YAKUTAT,445,59.548,-139.733,,USA,02/02/2017,821,026
SITKA,426,57.052,-135.342,154,USA,02/02/2017,821,031
PORT ALEXANDER,2299,56.247,-134.647,,USA,02/02/2017,821,033
SKAGWAY,495,59.450,-135.327,,USA,02/02/2017,821,041
JUNEAU,405,58.298,-134.412,,USA,02/02/2017,821,044
KETCHIKAN,225,55.332,-131.625,,USA,02/02/2017,821,051
PRINCE RUPERT,167,54.317,-130.333,155,CAN,31/05/2016,822,001
LANGARA POINT,840,54.250,-133.033,,CAN,05/07/2005,822,005
QUEEN CHARLOTTE CITY,829,53.250,-132.067,,CAN,31/05/2016,822,008
BELLA COOLA,1084,52.367,-126.783,,CAN,01/01/1980,822,013
BELLA BELLA,984,52.167,-128.133,,CAN,31/05/2016,822,016
PORT HARDY,1071,50.717,-127.483,,CAN,31/05/2016,822,020
ALERT BAY,554,50.583,-126.950,,CAN,01/01/1980,822,021
CAMPBELL RIVER,1323,50.017,-125.233,,CAN,31/05/2016,822,027
COMOX,630,49.667,-124.917,,CAN,01/01/1980,822,031
NANOOSE BAY,1825,49.267,-124.133,,CAN,04/06/1996,822,033
POINT ATKINSON,193,49.333,-123.250,,CAN,28/06/2016,822,051
VANCOUVER,175,49.283,-123.117,,CAN,31/05/2016,822,071
NEW WESTMINSTER,1245,49.200,-122.917,,CAN,31/05/2016,822,075
STEVESTON,1255,49.117,-123.183,,CAN,19/04/2000,822,083
TSAWWASSEN,1341,49.000,-123.133,,CAN,01/01/1980,822,085
FULFORD HARBOUR,688,48.767,-123.450,,CAN,04/06/1996,822,096
PATRICIA BAY,1152,48.650,-123.450,,CAN,31/05/2016,822,098
VICTORIA,166,48.417,-123.367,,CAN,31/05/2016,822,101
SOOKE,921,48.367,-123.733,,CAN,25/10/1993,822,104
PORT RENFREW,842,48.550,-124.417,,CAN,19/04/2000,822,106
BAMFIELD,1242,48.850,-125.133,,CAN,31/05/2016,822,108
PORT ALBERNI,527,49.233,-124.817,,CAN,19/04/2000,822,111
TOFINO,165,49.150,-125.917,156,CAN,28/06/2016,822,116
WINTER HARBOUR,1799,50.517,-128.033,,CAN,31/05/2016,822,124
NEAH BAY,385,48.367,-124.612,,USA,02/02/2017,823,001
LA PUSH,2298,47.913,-124.637,,USA,02/02/2017,823,002
"PORT ANGELES, WASHINGTON",2127,48.125,-123.440,,USA,02/02/2017,823,003
CHERRY POINT,1633,48.863,-122.757,,USA,02/02/2017,823,005
FRIDAY HARBOR (OCEAN. LABS.),384,48.547,-123.010,,USA,02/02/2017,823,006
"TOKE POINT, WILLIPA BAY, WA",1354,46.707,-123.967,,USA,02/02/2017,823,009
SEATTLE,127,47.602,-122.338,,USA,02/02/2017,823,011
PORT TOWNSEND,1325,48.112,-122.757,,USA,02/02/2017,823,012
ASTORIA (TONGUE POINT),265,46.207,-123.768,,USA,02/02/2017,823,013
GARIBALDI,1285,45.553,-123.918,,USA,22/05/1987,823,014
DEPOE BAY,1541,44.810,-124.057,,USA,27/11/1987,823,015
SOUTH BEACH,1196,44.625,-124.042,157,USA,29/04/2015,823,016
GARIBALDI II,2214,45.555,-123.918,,USA,02/02/2017,823,017
CHARLESTON II,1269,43.345,-124.322,,USA,02/02/2017,823,019
PORT ORFORD,1640,42.738,-124.498,,USA,02/02/2017,823,020
CRESCENT CITY,378,41.745,-124.182,,USA,02/02/2017,823,021
"N. SPIT, HUMBOLDT BAY",1639,40.767,-124.217,,USA,02/02/2017,823,024
"ARENA COVE, CALIFORNIA",2125,38.913,-123.707,,USA,02/02/2017,823,026
POINT REYES,1394,37.995,-122.977,,USA,02/02/2017,823,030
SAN FRANCISCO,10,37.807,-122.465,158,USA,02/02/2017,823,031
ALAMEDA (NAVAL AIR STATION),437,37.772,-122.298,,USA,02/02/2017,823,032
SAN MATEO,1663,37.583,-122.250,,USA,21/06/1990,823,034
MONTEREY,1352,36.605,-121.887,,USA,02/02/2017,823,036
PORT SAN LUIS,508,35.177,-120.760,,USA,02/02/2017,823,042
RINCON ISLAND,1013,34.348,-119.442,,USA,16/07/1993,823,044
"SANTA BARBARA, CALIFORNIA",2126,34.408,-119.685,,USA,02/02/2017,823,048
SANTA MONICA (MUNICIPAL PIER),377,34.008,-118.500,,USA,02/02/2017,823,049
LOS ANGELES,245,33.720,-118.272,,USA,02/02/2017,823,051
ALAMITOS BAY ENTRANCE,717,33.750,-118.117,,USA,01/01/1980,823,056
NEWPORT BAY,766,33.603,-117.882,,USA,16/07/1993,823,057
SAN CLEMENTE ISLAND,883,33.000,-118.550,,USA,01/01/1980,823,061
LA JOLLA (SCRIPPS PIER),256,32.867,-117.257,159,USA,02/02/2017,823,071
SAN DIEGO (QUARANTINE STATION),158,32.713,-117.173,,USA,02/02/2017,823,081
ENSENADA,795,31.850,-116.633,,MEX,12/01/2012,830,001
BAHIA SAN QUINTIN,1457,30.483,-115.983,,MEX,29/12/1994,830,005
GUADALUPE ISLAND II,1413,28.883,-118.300,160,MEX,29/01/1992,830,012
ISLA DE CEDROS,1430,28.100,-115.183,,MEX,29/01/1992,830,014
CABO SAN LUCAS,1355,22.883,-109.900,161,MEX,31/07/2014,830,020
LA PAZ,695,24.167,-110.350,,MEX,14/05/2013,830,021
LORETO,1410,26.017,-111.367,,MEX,29/01/1992,830,023
BAHIA DE LOS ANGELES,1357,28.967,-113.550,,MEX,03/12/1997,830,025
GUAYMAS,693,27.917,-110.900,,MEX,14/05/2013,830,031
TOPOLOBAMPO,793,25.600,-109.050,,MEX,21/01/1992,830,041
MAZATLAN,712,23.200,-106.417,,MEX,14/02/1996,830,051
MANZANILLO,737,19.050,-104.333,163,MEX,23/01/1992,830,071
MANZANILLO 2,1818,19.067,-104.300,163,MEX,23/09/2015,830,072
ACAPULCO,686,16.833,-99.917,267,MEX,24/06/2015,830,081
PUERTO ANGEL,1015,15.500,-96.500,164,MEX,14/02/1996,830,086
SALINA CRUZ,689,16.167,-95.200,,MEX,14/05/2013,830,091
CHAMPERICO,1201,14.283,-91.917,,GTM,01/01/1980,832,006
SAN JOSE,973,13.917,-90.833,,GTM,01/01/1980,832,011
SAN JOSE II,777,13.917,-90.817,,GTM,03/12/1997,832,012
LA UNION,558,13.333,-87.817,,SLV,01/01/1980,833,001
ACAJUTLA,1011,13.567,-89.833,182,SLV,03/09/2015,833,011
ACAJUTLA 2,1302,13.583,-89.833,182,SLV,29/09/2015,833,012
PUNTARENAS,464,9.967,-84.833,,CRI,01/01/1980,836,001
QUEPOS,844,9.400,-84.167,167,CRI,14/10/2013,836,011
QUEPOS B,2189,9.425,-84.172,167,CRI,29/09/2015,836,021
PUERTO ARMUELLES,668,8.267,-82.867,,PAN,01/01/1980,840,001
PUERTO ARMUELLES B,1571,8.267,-82.867,,PAN,05/06/2014,840,002
BALBOA,163,8.967,-79.567,168,PAN,24/05/2016,840,011
NAOS ISLAND,581,8.918,-79.550,,PAN,01/01/1980,840,021
NAOS ISLAND 2,1783,8.918,-79.533,,PAN,07/10/1998,840,022
BUENAVENTURA,456,3.900,-77.100,170,COL,04/11/2015,842,011
TUMACO,639,1.833,-78.733,171,COL,04/11/2015,842,021
LA LIBERTAD,555,-2.200,-80.917,172,ECU,01/01/1980,845,011
LA LIBERTAD II,544,-2.200,-80.917,172,ECU,04/11/2015,845,012
SAN CRISTOBAL,927,-0.900,-89.617,,ECU,01/01/1980,845,021
BALTRA-B,1645,-0.433,-90.283,169,ECU,21/10/2015,845,034
PUERTO BOLIVAR,1277,-3.267,-80.000,,ECU,16/06/1992,845,041
TALARA,475,-4.617,-81.283,,PER,01/01/1980,848,011
CHIMBOTE,771,-9.083,-78.633,,PER,01/01/1980,848,021
CALLAO 2,1274,-12.050,-77.150,173,PER,29/10/2015,848,032
SAN JUAN,923,-15.367,-75.200,,PER,01/01/1980,848,041
MATARANI,458,-17.000,-72.117,,PER,01/03/1990,848,051
MATARANI B,2188,-17.002,-72.108,,PER,04/11/2015,848,055
ARICA,618,-18.467,-70.333,,CHL,19/11/1992,850,001
IQUIQUE,1963,-20.217,-70.167,,CHL,08/04/2013,850,006
IQUIQUE II,2261,-20.204,-70.148,,CHL,12/10/2016,850,007
ANTOFAGASTA,511,-23.650,-70.417,174,CHL,19/11/1992,850,011
ANTOFAGASTA 2,510,-23.653,-70.404,174,CHL,12/10/2016,850,012
SAN FELIX,1751,-26.292,-80.109,177,CHL,12/10/2016,850,016
CALDERA,619,-27.067,-70.833,,CHL,19/11/1992,850,021
VALPARAISO,499,-33.027,-71.626,175,CHL,12/10/2016,850,031
JUAN FERNANDEZ-C,1644,-33.636,-78.830,176,CHL,12/10/2016,850,039
TALCAHUANO,571,-36.683,-73.100,,CHL,18/10/2016,850,041
CORRAL,1057,-39.867,-73.433,,CHL,01/01/1980,850,047
CORRAL II,2262,-39.878,-73.423,,CHL,12/10/2016,850,048
ANCUD,2264,-41.867,-73.832,,CHL,12/10/2016,850,053
MELINKA,2265,-43.898,-73.748,,CHL,12/10/2016,850,055
PUNTA ARENAS,473,-53.167,-70.900,,CHL,19/07/1996,850,061
PUNTA ARENAS II,2263,-53.124,-70.860,,CHL,12/10/2016,850,062
CALETA PERCY,994,-52.900,-70.267,,CHL,02/12/2015,850,071
PUERTO WILLIAMS,1122,-54.917,-67.617,,CHL,19/07/1996,850,081
DIEGO RAMIREZ,1785,-56.500,-68.717,,CHL,25/02/2004,850,091
USHUAIA I,874,-54.817,-68.217,181,ARG,01/01/1980,860,001
USHUAIA II,1271,-54.817,-68.217,181,ARG,12/11/2007,860,002
PUERTO DESEADO,185,-47.750,-65.917,190,ARG,21/10/2015,860,011
COMODORO RIVADAVIA,181,-45.867,-67.483,,ARG,01/01/1980,860,021
PUERTO MADRYN,501,-42.767,-65.033,191,ARG,25/10/2010,860,031
PIRAMIDE,867,-42.583,-64.283,,ARG,01/01/1980,860,041
ROSALES,870,-38.933,-62.067,,ARG,01/01/1980,860,061
QUEQUEN,223,-38.583,-58.700,,ARG,05/04/1990,860,081
MAR DEL PLATA (PUERTO),857,-38.033,-57.533,192,ARG,01/01/1980,860,091
MAR DEL PLATA (NAVAL BASE),819,-38.033,-57.517,192,ARG,05/08/2015,860,101
MAR DE AJO,1542,-36.700,-56.667,,ARG,02/03/1988,860,124
RIO SANTIAGO,897,-34.850,-57.900,,ARG,01/01/1980,860,141
BUENOS AIRES,157,-34.600,-58.367,,ARG,14/05/1991,860,151
PALERMO,832,-34.567,-58.400,,ARG,05/08/2015,860,161
ISLA MARTIN GARCIA,864,-34.183,-58.250,,ARG,01/01/1980,860,171
STANLEY,1082,-51.690,-57.865,305,FLK,01/01/1980,863,001
STANLEY II,1796,-51.692,-57.821,305,FLK,12/06/2014,863,002
COLONIA,433,-34.483,-57.850,,URY,23/05/1996,870,001
MONTEVIDEO (PUNTA LOBOS),431,-34.900,-56.250,300,URY,02/02/2016,870,011
PUNTA DEL ESTE,434,-34.967,-54.950,,URY,23/05/1996,870,021
LA PALOMA,764,-34.650,-54.150,,URY,03/12/2012,870,031
IMBITUBA,542,-28.233,-48.650,351,BRA,01/01/1980,874,031
CANANEIA,726,-25.017,-47.933,194,BRA,18/07/2007,874,051
RIO DE JANEIRO,579,-22.933,-43.133,,BRA,01/01/1980,874,091
ILHA FISCAL,1032,-22.897,-43.167,195,BRA,01/04/2014,874,092
CANAVIEIRAS,699,-15.667,-38.967,,BRA,01/01/1980,874,106
SALVADOR,578,-12.967,-38.517,334,BRA,01/01/1980,874,111
RECIFE,556,-8.050,-34.867,,BRA,01/01/1980,874,121
FORTALEZA,559,-3.717,-38.483,336,BRA,01/01/1980,874,151
SALINOPOLIS,589,-0.650,-47.383,,BRA,01/01/1980,874,158
BELEM,580,-1.450,-48.500,,BRA,01/01/1980,874,161
SANTANA,1975,-0.050,-51.167,,BRA,18/03/1987,874,171
ILE ROYALE,2012,5.284,-52.587,202,GUF,30/08/2016,876,011
PORT OF SPAIN,415,10.650,-61.517,203,TTO,15/11/1999,890,001
"PRICKLEY BAY, GRENADA",2272,12.005,-61.765,,GRD,05/01/2016,893,001
PUERTO DE HIERRO,782,10.617,-62.083,,VEN,01/01/1980,900,001
GUIRIA,1053,10.567,-62.283,,VEN,20/04/2001,900,006
RIOHACHA,714,11.550,-72.917,,COL,01/01/1980,902,011
CARTAGENA,572,10.400,-75.550,207,COL,20/04/1994,902,021
COCO SOLO,1530,9.367,-79.883,208,PAN,21/08/1997,904,006
CRISTOBAL,169,9.350,-79.917,208,PAN,16/01/2012,904,011
PUERTO LIMON,552,10.000,-83.033,,CRI,18/05/1994,906,011
PUERTO CASTILLA,779,16.017,-86.033,,HND,01/01/1980,908,011
PUERTO CORTES,557,15.833,-87.950,,HND,01/01/1980,908,031
FORT-DE-FRANCE II,1942,14.602,-61.063,338,MTQ,30/08/2016,912,021
POINTE-A-PITRE,1784,16.224,-61.531,,GLP,30/08/2016,914,001
SANTO TOMAS DE CASTILLA,1080,15.700,-88.617,,GTM,01/01/1980,916,001
PROGRESO,690,21.300,-89.667,213,MEX,24/06/2015,920,001
CIUDAD DEL CARMEN,796,18.633,-91.850,,MEX,24/01/1992,920,011
COATZACOALCOS,692,18.150,-94.417,,MEX,23/01/1992,920,021
ALVARADO,768,18.767,-95.767,,MEX,23/01/1992,920,031
TUXPAN,918,21.000,-97.333,,MEX,15/05/2013,920,051
CIUDAD MADERO,1020,22.250,-97.800,,MEX,09/10/1990,920,066
MARIEL BOCA,2286,23.021,-82.756,,CUB,11/05/2016,930,023
GIBARA,563,21.108,-76.125,276,CUB,03/03/2016,930,031
NUEVITAS PUNTA PRACTICO,2288,21.591,-77.110,,CUB,26/07/2016,930,035
GUANTANAMO BAY,418,19.907,-75.147,,CUB,17/07/2001,930,051
CASILDA II,2021,21.753,-79.992,,CUB,24/02/2016,930,065
CAYO LOCO,2289,22.151,-80.455,,CUB,11/05/2016,930,067
CABO DE SAN ANTONIO,1297,21.900,-84.900,214,CUB,03/03/2016,930,071
ISABELA DE SAGUA,1909,22.933,-80.017,,CUB,03/03/2016,930,081
SANTIAGO DE CUBA,2287,20.021,-75.837,,CUB,11/05/2016,930,085
CABO CRUZ,1910,19.833,-77.733,,CUB,26/07/2016,930,091
MANZANILLO,1934,20.333,-77.150,,CUB,27/09/2016,930,095
NORTH SOUND,1422,19.300,-81.317,,CYM,18/06/2007,931,001
SOUTH SOUND,1426,19.267,-81.383,,CYM,20/08/1997,931,011
PORT ROYAL,744,17.933,-76.850,210,JAM,01/01/1980,932,011
PORT AU PRINCE,583,18.567,-72.350,209,HTI,01/01/1980,934,011
BARAHONA,745,18.200,-71.083,,DOM,01/01/1980,936,011
PUERTO PLATA,577,19.817,-70.700,,DOM,01/01/1980,936,021
CULEBRA,2120,18.302,-65.303,,PRI,12/02/2014,938,001
"ESPERANZA, VIEQUES",2209,18.093,-65.472,,PRI,13/02/2014,938,004
MAGUEYES ISLAND,759,17.970,-67.045,,PRI,02/02/2017,938,011
SAN JUAN,1001,18.458,-66.115,206,PRI,02/02/2017,938,021
AGUADILLA,2121,18.457,-67.163,,PRI,18/02/2013,938,031
MONA ISLAND,2122,18.090,-67.938,,PRI,02/02/2017,938,041
CHARLOTTE AMALIE,1393,18.335,-64.920,,VIR,02/02/2017,939,001
"LIME TREE BAY, ST CROIX",1447,17.693,-64.753,,VIR,02/02/2017,939,011
CHRISTIANSTED HARBOUR,2118,17.750,-64.705,,VIR,02/02/2017,939,015
LAMESHUR BAY,2119,18.317,-64.723,,VIR,02/02/2017,939,021
PORT ISABEL,497,26.060,-97.215,,USA,02/02/2017,940,001
PORT MANSFIELD,1038,26.553,-97.422,,USA,02/02/2017,940,002
PADRE ISLAND,919,26.068,-97.152,,USA,16/07/1993,940,003
"PORT ARANSAS, H. CALDWELL PIER",922,27.827,-97.050,,USA,03/06/1987,940,004
ROCKPORT,538,28.022,-97.047,,USA,02/02/2017,940,005
FREEPORT,725,28.948,-95.308,,USA,27/05/2009,940,006
"GALVESTON I, PLEASURE PIER, TX",828,29.285,-94.788,217,USA,07/03/2012,940,007
"GALVESTON II, PIER 21, TX",161,29.310,-94.793,217,USA,02/02/2017,940,008
SABINE PASS,920,29.705,-93.853,,USA,04/11/1988,940,009
SABINE PASS NORTH,1835,29.728,-93.870,,USA,02/02/2017,940,010
EUGENE ISLAND,440,29.372,-91.385,,USA,26/10/1990,940,011
"USCG FREEPORT, TEXAS",2297,28.943,-95.302,,USA,02/02/2017,940,012
"CORPUS CHRISTI, GULF MEXICO, TX",1903,27.583,-97.217,,USA,02/02/2017,940,015
GRAND ISLE,526,29.263,-89.957,,USA,02/02/2017,940,021
"SHELL BEACH, LOUISIANA",2296,29.868,-89.673,,USA,02/02/2017,940,030
"WAVELAND, GULF OF MEX., MS",1884,30.282,-89.367,,USA,19/08/2013,940,032
BAY WAVELAND YACHT CLUB,1715,30.325,-89.325,,USA,01/10/1996,940,036
DAUPHIN ISLAND,1156,30.250,-88.075,,USA,02/02/2017,940,037
BAY WAVELAND YACHT CLUB II,2215,30.327,-89.325,,USA,02/02/2017,940,038
PENSACOLA,246,30.403,-87.210,288,USA,02/02/2017,940,041
"PANAMA CITY, ST.ANDREWS BAY, FL",1641,30.152,-85.667,,USA,02/02/2017,940,042
APALACHICOLA,1193,29.727,-84.982,,USA,02/02/2017,940,043
TURKEY POINT,1714,29.915,-84.512,,USA,01/10/1996,940,045
ST. MARKS,1136,30.067,-84.183,,USA,01/01/1980,940,047
"SHELL POINT, WALKER CREEK",1670,30.060,-84.290,,USA,05/07/1990,940,049
CEDAR KEY I,199,29.133,-83.033,,USA,01/01/1980,940,051
CEDAR KEY II,428,29.135,-83.032,,USA,02/02/2017,940,052
CLEARWATER BEACH,1638,27.978,-82.832,,USA,02/02/2017,940,060
ST. PETERSBURG,520,27.760,-82.627,,USA,02/02/2017,940,061
FORT MYERS,1106,26.647,-81.870,,USA,02/02/2017,940,065
NAPLES,1107,26.132,-81.807,,USA,02/02/2017,940,066
KEY WEST,188,24.555,-81.807,216,USA,02/02/2017,940,071
VACA KEY,1701,24.712,-81.105,,USA,02/02/2017,940,089
MARATHON SHORES,1187,24.733,-81.033,,USA,01/01/1980,940,091
KEY COLONY BEACH,1424,24.718,-81.017,,USA,06/03/2000,940,092
SETTLEMENT POINT,1646,26.710,-78.997,211,BHS,10/07/2002,941,001
SETTLEMENT POINT A,1928,26.683,-78.983,211,BHS,13/01/2016,941,002
PAGET ISLAND,886,32.367,-64.667,,BMU,01/01/1980,950,001
ST. GEORGES / ESSO PIER (BERMUDA),368,32.373,-64.703,221,BMU,02/02/2017,950,011
MIAMI BEACH,363,25.768,-80.132,,USA,05/10/1987,960,001
HAULOVER PIER,1717,25.903,-80.120,,USA,24/11/1994,960,002
LAKE WORTH PIER,1696,26.612,-80.033,,USA,21/06/1990,960,004
PALM BEACH,1669,26.700,-80.050,,USA,05/07/1990,960,005
DAYTONA BEACH,270,29.233,-81.000,,USA,01/01/1980,960,006
DAYTONA BEACH SHORES,1182,29.147,-80.963,,USA,05/10/1987,960,007
"VIRGINIA KEY, FL",1858,25.730,-80.162,332,USA,02/02/2017,960,008
MAYPORT,316,30.393,-81.432,,USA,01/06/2001,960,011
JACKSONVILLE,716,30.350,-81.617,,USA,01/01/1980,960,012
"TRIDENT PIER, PORT CANAVERAL",2123,28.415,-80.592,,USA,02/02/2017,960,015
FERNANDINA BEACH,112,30.672,-81.465,,USA,02/02/2017,960,021
FORT PULASKI,395,32.033,-80.902,289,USA,02/02/2017,960,031
BEAUFORT,1537,32.433,-80.667,,USA,04/11/1988,960,036
CHARLESTON I,234,32.782,-79.925,,USA,02/02/2017,960,041
GENERAL DYNAMICS PIER,1721,33.017,-79.917,,USA,16/07/1993,960,042
"SOUTH ISLAND PLANTATION, WINYAH BAY",1651,33.235,-79.203,,USA,01/10/1996,960,044
"BUCKSPORT, WACCAMAW R.",1720,33.647,-79.095,,USA,16/07/1993,960,048
SPRINGMAID PIER,1444,33.655,-78.918,,USA,02/02/2017,960,050
MYRTLE BEACH,862,33.683,-78.885,,USA,01/01/1980,960,051
SOUTHPORT,1431,33.915,-78.018,,USA,22/06/1990,960,056
"CAPE HATTERAS, NORTH CAROLINA",2294,35.223,-75.635,,USA,26/04/2016,960,059
WILMINGTON,396,34.227,-77.953,,USA,02/02/2017,960,060
"BEAUFORT, NORTH CAROLINA",2295,34.720,-76.670,,USA,02/02/2017,960,061
MOREHEAD CITY,719,34.717,-76.733,,USA,01/01/1980,960,062
DUCK PIER OUTSIDE,1636,36.183,-75.747,219,USA,02/02/2017,960,063
VIRGINIA BEACH,945,36.850,-75.967,,USA,01/01/1980,960,064
PORTSMOUTH (NORFOLK NAVY YARD),399,36.822,-76.293,,USA,26/06/1990,960,065
RICHMOND,462,37.567,-77.450,,USA,01/01/1980,960,068
CHESAPEAKE BAY BR. TUN.,1635,36.967,-76.113,,USA,02/02/2017,960,070
"SEWELLS POINT, HAMPTON ROADS",299,36.947,-76.330,,USA,02/02/2017,960,071
GLOUCESTER POINT,597,37.247,-76.500,,USA,26/01/2005,960,072
CAMBRIDGE II,1295,38.573,-76.068,,USA,02/02/2017,960,073
CAMBRIDGE,481,38.575,-76.072,,USA,01/01/1980,960,074
WASHINGTON DC,360,38.873,-77.022,,USA,02/02/2017,960,076
"PINEY POINT, MARYLAND",971,38.133,-76.533,,USA,01/01/1980,960,077
SOLOMON'S ISLAND (BIOL. LAB.),412,38.317,-76.452,,USA,02/02/2017,960,078
GINGERVILLE CREEK,1203,38.958,-76.555,,USA,01/01/1980,960,079
ANNAPOLIS (NAVAL ACADEMY),311,38.983,-76.480,,USA,02/02/2017,960,080
BALTIMORE,148,39.267,-76.578,,USA,02/02/2017,960,081
MATAPEAKE,1338,38.957,-76.355,,USA,02/10/1987,960,082
KIPTOPEKE BEACH,636,37.165,-75.988,,USA,02/02/2017,960,083
INDIAN RIVER INLET,1337,38.610,-75.070,,USA,02/10/1987,960,084
LEWES (BREAKWATER HARBOR),224,38.782,-75.120,,USA,02/02/2017,960,085
OCEAN CITY INLET,2292,38.328,-75.092,,USA,02/02/2017,960,086
PHILADELPHIA (PIER 9N),135,39.933,-75.142,,USA,02/02/2017,960,087
TRENTON,1654,40.188,-74.755,,USA,16/07/1993,960,088
REEDY POINT,786,39.558,-75.573,,USA,02/02/2017,960,089
CAPE MAY,1153,38.968,-74.960,,USA,02/02/2017,960,090
ATLANTIC CITY,180,39.355,-74.418,220,USA,02/02/2017,960,091
WACHAPREAGUE,2293,37.607,-75.687,,USA,02/02/2017,960,092
SANDY HOOK,366,40.467,-74.008,,USA,02/02/2017,960,101
NEW YORK (THE BATTERY),12,40.700,-74.013,,USA,02/02/2017,960,121
"BERGEN POINT, STATEN IS.",1637,40.637,-74.142,,USA,02/02/2017,960,132
MONTAUK,519,41.048,-71.960,,USA,02/02/2017,960,135
PLUM ISLAND,875,41.167,-72.200,,USA,01/01/1980,960,136
PORT JEFFERSON,848,40.950,-73.077,,USA,16/07/1993,960,138
WILLETS POINT,362,40.793,-73.782,,USA,01/06/2001,960,141
NEW ROCHELLE,856,40.893,-73.782,,USA,05/06/1987,960,143
BRIDGEPORT,1068,41.173,-73.182,,USA,02/02/2017,960,147
NEW LONDON,429,41.360,-72.090,,USA,02/02/2017,960,151
PROVIDENCE (STATE PIER),430,41.807,-71.400,,USA,02/02/2017,960,158
NEWPORT,351,41.505,-71.327,290,USA,02/02/2017,960,161
BUZZARDS BAY,776,41.742,-70.617,,USA,01/01/1980,960,163
WOODS HOLE (OCEAN. INST.),367,41.523,-70.672,,USA,02/02/2017,960,165
NANTUCKET ISLAND,1111,41.285,-70.097,,USA,02/02/2017,960,166
"SANDWICH MARINA, CAPE COD CANAL ENTRANCE",775,41.767,-70.500,,USA,01/01/1980,960,168
BOSTON,235,42.353,-71.053,,USA,02/02/2017,960,171
SEAVEY ISLAND,288,43.080,-70.742,,USA,26/10/1990,960,177
"FORT POINT, NEWCASTLE ISLAND",2291,43.072,-70.712,,USA,02/02/2017,960,178
PORTLAND (MAINE),183,43.657,-70.247,,USA,02/02/2017,960,181
ROCKLAND,1279,44.105,-69.102,,USA,22/06/1990,960,186
"BAR HARBOR, FRENCHMAN BAY, ME",525,44.392,-68.205,,USA,02/02/2017,960,191
CUTLER II,1524,44.642,-67.297,,USA,23/06/2011,960,196
CUTLER,1081,44.650,-67.217,,USA,01/01/1980,960,197
EASTPORT,332,44.903,-66.982,,USA,02/02/2017,960,201
"SAINT JOHN, N.B.",195,45.267,-66.067,,CAN,31/05/2016,970,001
DIGBY,1230,44.633,-65.750,,CAN,01/01/1980,970,005
YARMOUTH,1158,43.833,-66.133,,CAN,31/05/2016,970,007
BOUTILIER POINT,1259,44.667,-63.967,,CAN,07/06/1989,970,009
HALIFAX,96,44.667,-63.583,222,CAN,27/07/2015,970,011
POINT TUPPER,1332,45.600,-61.367,,CAN,03/06/1996,970,014
NORTH SYDNEY,1299,46.217,-60.250,,CAN,31/05/2016,970,016
PICTOU,1121,45.683,-62.700,,CAN,01/06/1998,970,021
CAP AUX MEULES,2031,47.379,-61.857,,CAN,31/05/2016,970,030
CHARLOTTETOWN,427,46.233,-63.117,,CAN,31/05/2016,970,031
RUSTICO,1330,46.467,-63.283,,CAN,01/06/1998,970,033
GRINDSTONE,1143,47.383,-61.867,,CAN,01/01/1980,970,034
SHEDIAC BAY,1326,46.250,-64.533,,CAN,31/05/2016,970,035
POINTE-DU-CHENE,1309,46.250,-64.533,,CAN,07/06/1989,970,036
POINT SAPIN,1138,46.967,-64.833,,CAN,01/01/1980,970,038
LOWER ESCUMINAC,1349,47.083,-64.883,,CAN,31/05/2016,970,040
BELLEDUNE,2069,47.900,-65.850,,CAN,31/05/2016,970,042
DALHOUSIE,1358,48.067,-66.383,,CAN,03/06/1996,970,046
RIVIERE-AU-RENARD,1213,49.000,-64.383,,CAN,31/05/2016,970,054
STE-ANNE-DES-MONTS,1199,49.133,-66.483,,CAN,03/06/1996,970,057
POINTE-AU-PERE,138,48.517,-68.467,,CAN,25/10/1993,970,061
RIMOUSKI,1597,48.483,-68.517,,CAN,31/05/2016,970,062
RIVIERE-DU-LOUP,1284,47.850,-69.567,,CAN,07/06/1989,970,064
ST-JEAN-PORT-JOLI,1223,47.217,-70.283,,CAN,01/01/1980,970,066
ST-FRANCOIS,999,47.000,-70.817,,CAN,31/05/2016,970,068
QUEBEC (LAUZON),173,46.833,-71.167,,CAN,07/05/2013,970,071
DESCHAILLONS,201,46.567,-72.100,,CAN,31/05/2016,970,074
PORT-SAINT-FRANCOIS,137,46.267,-72.617,,CAN,01/06/2016,970,076
BECANCOUR,1798,46.400,-72.383,,CAN,01/06/2016,970,077
TROIS-RIVIERES,126,46.333,-72.550,,CAN,01/06/2016,970,078
CHAMPLAIN,1005,46.433,-72.400,,CAN,04/06/1996,970,080
BATISCAN,144,46.500,-72.250,,CAN,01/06/2016,970,082
GRONDINES,387,46.583,-72.033,,CAN,04/06/1996,970,085
PORTNEUF,951,46.683,-71.883,,CAN,31/05/2016,970,087
NEUVILLE,192,46.700,-71.567,,CAN,31/05/2016,970,089
ST-JOSEPH-DE-LA-RIVE,1244,47.450,-70.367,,CAN,31/05/2016,970,092
PORT-ALFRED,1392,48.333,-70.867,,CAN,27/07/2015,970,095
TADOUSSAC,1219,48.133,-69.717,,CAN,25/10/1993,970,096
BAIE COMEAU,1218,49.233,-68.133,,CAN,25/10/1993,970,098
SEPT-ILES,1322,50.200,-66.400,,CAN,31/05/2016,970,099
HARRINGTON HBR,176,50.500,-59.483,,CAN,25/10/1993,970,101
SAVAGE COVE,1280,51.333,-56.700,,CAN,07/06/1989,970,103
LARK HARBOUR,1044,49.100,-58.367,,CAN,25/10/1993,970,106
PORT AUX BASQUES,392,47.567,-59.133,,CAN,31/05/2016,970,111
BONAVISTA,2135,49.083,-53.200,,CAN,31/05/2016,970,114
ARGENTIA,1321,47.300,-53.983,,CAN,31/05/2016,970,116
"ST. JOHN'S, NFLD.",393,47.567,-52.717,223,CAN,28/06/2016,970,121
WEST ST. MODESTE,1278,51.600,-56.700,,CAN,25/10/1993,970,132
NAIN,1029,56.550,-61.700,224,CAN,31/05/2016,970,134
QIKIQTARJUAQ,1935,67.867,-64.117,,CAN,03/04/2012,970,135
CHURCHILL,447,58.767,-94.183,,CAN,27/07/2015,970,141
RESOLUTE,863,74.683,-94.883,,CAN,01/01/1980,970,151
LITTLE CORNWALLIS ISLAND,1822,75.383,-96.950,,CAN,04/06/1996,970,156
ALERT,1110,82.490,-62.320,333,CAN,03/08/2010,970,162
CAMBRIDGE BAY,1132,69.117,-105.067,,CAN,07/06/1989,970,191
ULUKHAKTOK ( FORMALLY HOLMAN ),1930,71.233,-118.267,,CAN,27/07/2015,970,199
CAPE PARRY,1282,70.150,-124.667,,CAN,19/03/2013,970,201
TUKTOYAKTUK,1000,69.417,-132.967,,CAN,27/07/2015,970,211
BAHIA ESPERANZA,988,-63.300,-56.917,185,ATA,11/05/1999,999,1
ARGENTINE ISLANDS,913,-65.246,-64.257,188,ATA,21/05/2015,999,3
PUERTO SOBERANIA,1603,-62.483,-59.633,189,ATA,30/09/2004,999,5
ALMIRANTE BROWN,858,-64.900,-62.867,,ATA,01/01/1980,999,24
CAPE ROBERTS ANTARCTICA,1763,-77.034,163.191,,ATA,27/09/2010,999,70
SCOTT BASE,2029,-77.850,166.769,134,ATA,23/02/2012,999,80
ROTHERA,1931,-67.571,-68.130,342,ATA,21/05/2015,999,103